True_u,Predicted_u,Absolute_Error_u
0.24929182898141422,0.21242849965135183,0.036863329330062394
0.0882966885996354,0.050842534896760175,0.03745415370287522
0.32235198872808785,0.2816561575690342,0.04069583115905362
0.04020798482351719,0.018129745063059494,0.022078239760457693
0.3917876188003508,0.34883618516519616,0.042951433635154634
-0.007713953079808485,-0.01987510524871529,0.012161152168906803
0.4570476923170618,0.41336435632668594,0.04368333599037588
-0.05506207347638283,-0.06334703876466197,0.008284965288279135
0.5177423119311143,0.47507641649462684,0.042665895436487467
-0.10142357735194651,-0.11017204791119084,0.008748470559244326
0.5736370396273898,0.5340328153302426,0.03960422429714716
-0.14639074465038054,-0.15690102317589272,0.010510278525512173
0.6246379904270201,0.5895170833747198,0.03512090705230031
-0.1895739269019214,-0.20074022390611454,0.011166297004193138
0.6707716532005225,0.6399036146061791,0.030868038594343394
-0.23061310503331903,-0.24066355575983903,0.01005045072652
0.7121626921955663,0.6836573413151601,0.028505350880406177
-0.2691862624962789,-0.27702673981408527,0.00784047731780635
0.7490115790130639,0.7203167841539599,0.028694794859103978
-0.3050151780663843,-0.3105336224398587,0.005518444373474429
0.7815731233473695,0.7506355579451017,0.030937565402267775
-0.3378694686295467,-0.3415048978258388,0.003635429196292117
0.8101367137089246,0.7760220319477699,0.03411468176115473
-0.3675689584371053,-0.36974519280149254,0.0021762343643872417
0.8350089260658332,0.7978497323613718,0.03715919370446141
-0.3939841036404027,-0.39479940411535946,0.0008153004749567594
0.8564989401263702,0.8170441200416041,0.039454820084766085
-0.4170344197490623,-0.41627852972155294,0.000755890027509365
0.874906940161808,0.8340192125172599,0.04088772764454818
-0.4366852209317784,-0.4340534552139485,0.0026317657178299148
0.8905154311464741,0.8488343376401831,0.04168109350629101
-0.45294318269866496,-0.4482709453551622,0.00467223734350275
0.9035832172778094,0.8614071889394845,0.0421760283383249
-0.46585124678695766,-0.4592473560749145,0.006603890712043148
0.9143416873485086,0.871676648142278,0.04266503920623066
-0.47548328854985783,-0.46732719417774077,0.008156094372117062
0.9229930220888949,0.8796803984912217,0.04331262359767318
-0.4819388490602108,-0.4727756998941163,0.009163149166094509
0.9297099569396139,0.8855600412795759,0.04414991566003801
-0.4853381366935284,-0.47573626205784025,0.009601874635688123
0.934636771564286,0.8895248074154057,0.0451119641488803
-0.4858174305527805,-0.4762481196659006,0.0095693108868799
0.9378912152399325,0.8918033282919514,0.04608788694798105
-0.48352496249123933,-0.4742995204950746,0.009225441996164707
0.9395671076886362,0.8926027803203946,0.04696432736824152
-0.47861730881922226,-0.469887492016105,0.00872981680311724
0.9397373792960936,0.8920838378079491,0.04765354148814449
-0.4712562855197858,-0.463062560321224,0.008193725198561819
0.9384573378819487,0.8903519593989081,0.04810537848304064
-0.46160631324747115,-0.45394828384339064,0.007658029404080502
0.9357679753494135,0.8874612379406036,0.04830673740880986
-0.4498322018912517,-0.44273604671670225,0.007096155174549479
0.9316991582974344,0.8834256953035657,0.0482734629938687
-0.4360972985558223,-0.4296623531229904,0.006434945432831907
0.926272581161532,0.8782333351697905,0.048039245991741475
-0.420561945336912,-0.41497842188036166,0.005583523456550332
0.9195043963587979,0.8718595478378046,0.047644848520993266
-0.4033822010750178,-0.39892106800022475,0.004461133074793067
0.9114074704859381,0.8642778760410617,0.04712959444487641
-0.3847087913001856,-0.38169113696547363,0.003017654334711961
0.9019932465118352,0.8554673750349108,0.04652587147692444
-0.3646862602945848,-0.36344243041052104,0.0012438298840637407
0.8912732174906771,0.8454166502512741,0.04585656723940301
-0.34345230705663343,-0.344281110922738,0.000828803866104566
0.8792600368552155,0.8341251652506936,0.0451348716045219
-0.3211372922007967,-0.3242734764025777,0.0031361842017810226
0.8659683037815186,0.8216026108762697,0.04436569290524883
-0.2978639054918215,-0.3034589154557476,0.00559500996392609
0.8514150699722411,0.8078671350756751,0.043547934896566054
-0.273746984185135,-0.2818646574063712,0.008117673221236188
0.8356201173095149,0.7929431039428902,0.04267701336662466
-0.24889347131091205,-0.2595193986436479,0.010625927332735874
0.8186060551947275,0.7768588956787207,0.041747159516006827
-0.22340250115819524,-0.23646372286053818,0.013061221702342946
0.8003982830220674,0.7596450394114288,0.04075324361063859
-0.19736559713457727,-0.21275620897520717,0.015390611840629898
0.7810248580820868,0.7413328562246893,0.03969200185739752
-0.17086696534447526,-0.18847502487562534,0.017608059531150078
0.7605163030581129,0.7219536289201741,0.03856267413793879
-0.1439838659884925,-0.1637155342825802,0.019731668294087706
0.7389053808294034,0.7015382480531902,0.037367132776213174
-0.11678704417448461,-0.13858492039421602,0.021797876219731407
0.7162268580112904,0.68011722827847,0.03610962973282039
-0.08934120200682354,-0.11319506486746793,0.023853862860644393
0.6925172728987935,0.6577209764001287,0.03479629649866478
-0.06170549479813741,-0.087654927378837,0.025949432580699587
0.6678147184363993,0.6343801914567565,0.033434526979642776
-0.03393403582460982,-0.06206351765524468,0.028129481830634857
0.642158646627592,0.6101262998957119,0.03203234673188016
-0.006076396041303919,-0.03650428325628444,0.030427887214980517
0.6155896974333162,0.5849918492042112,0.03059784822910494
0.021821912559589624,-0.011041425859349406,0.03286333841893903
0.5881495526590651,0.559010814364693,0.02913873829437208
0.04971897890582243,0.014281658010304656,0.03543732089551777
0.5598808135065559,0.5322187917218177,0.0276620217847382
0.07757606674368336,0.03944188794803717,0.03813417879564619
0.5308268992747361,0.5046530790086459,0.026173820266090275
0.10535722492727227,0.06443425513070136,0.04092296979657091
0.5010319640155175,0.47635265103771834,0.024679312977799184
0.13302893658818443,0.0892682528599775,0.043760683728206934
0.47054082767958827,0.4473580535264079,0.023182774153180374
0.16055980800070935,0.11396348372233811,0.04659632427837124
0.4393989183151926,0.4177112381751742,0.021687680140018428
0.18792029657592482,0.1385449454444007,0.04937535113152411
0.4076522221242645,0.38745536591280527,0.020196856211459224
0.2150824763466913,0.1630384520724663,0.052044024274225
0.37534723855097574,0.3566345992693495,0.018712639281626253
0.2420198385146347,0.18746656057365985,0.054553277940974865
0.34253093802235196,0.3252939037059608,0.017237034316391175
0.26870712410673886,0.21184527158606903,0.05686185252066983
0.30925072042413554,0.29347886936073075,0.015771851063404785
0.29512018548448804,0.23618166109109037,0.05893852439339767
0.275554372849156,0.261235562403147,0.014318810446009023
0.32123587333740694,0.2604724985764854,0.06076337476092153
0.24149002556989302,0.22861040744710504,0.012879618122787984
0.34703194582336844,0.2847038158366677,0.06232812998670073
0.20710610555352424,0.1956501013416525,0.011456004211871734
0.3724869966657512,0.3088513231369222,0.06363567352882898
0.1724512871435691,0.16240155297332598,0.01004973417024313
0.39758039923674365,0.33288151938604216,0.0646988798507015
0.13757443978172043,0.12891184447731238,0.00866259530440805
0.4222922639297975,0.35675331840334507,0.06553894552645245
0.10252457283360446,0.09522820576273563,0.007296367070868823
0.44660340641722907,0.38042000384962615,0.06618340256760291
0.06735077772372684,0.06139799666232103,0.005952781061405815
0.47049532469350863,0.4038313355792545,0.06666398911425414
0.03210216767921414,0.027468689144326458,0.004633478534887679
0.49395018309611743,0.42693564825196245,0.06701453484415498
-0.0031721845583299493,-0.006512154624971485,0.003339970066641536
0.5169508017745522,0.4496818125697111,0.06726898920484109
-0.03842331066607858,-0.04049691359805656,0.0020736029319779747
0.5394806503276748,0.4720209592997215,0.0674596910279533
-0.0736024119246189,-0.07443795018591078,0.0008355382612918738
0.5615238445566935,0.49390790031019766,0.06761594424649581
-0.10866092527219479,-0.10828766607532694,0.00037325919686784226
0.5830651454747442,0.5153022096325377,0.0677629358422065
-0.143550589867936,-0.14199857066255128,0.0015520192053847248
0.6040899598843432,0.5361689561312903,0.06792100375305288
-0.17822351383359897,-0.1755233622426274,0.002700151590971561
0.6245843419733114,0.5564790999333691,0.06810524203994228
-0.21263224087494048,-0.20881501930118226,0.003817221573758217
0.6445349954994363,0.5762095833736551,0.06832541212578114
-0.2467298165182199,-0.2418269006038572,0.004902915914362704
0.6639292762282324,0.5953431574885886,0.06858611873964382
-0.28046985372865785,-0.27451285055118524,0.0059570031774726084
0.6827551943679038,0.6138679936251786,0.06888720074272514
-0.3138065977084987,-0.3068273079492832,0.006979289759215523
0.7010014168056672,0.631777131057351,0.06922428574831618
-0.34669498969819956,-0.33872541459957617,0.007969575098623394
0.7186572690005151,0.6490678123169715,0.06958945668354355
-0.3790907296283871,-0.37016312202061763,0.00892760760776945
0.7357127364238464,0.6657407532221249,0.06997198320172149
-0.41095033748903587,-0.4010972932083763,0.009853044280659584
0.7521584654708823,0.6817993907994258,0.07035907467145652
-0.4422312132994867,-0.43148579834731715,0.010745414952169574
0.767985763786667,0.6972491445673981,0.07073661921926899
-0.47289169557527105,-0.4612876021763783,0.011604093398892734
0.7831865999696083,0.7120967210581017,0.07108987891150653
-0.5028911181990027,-0.4904628426979165,0.012428275501086161
0.7977536026268556,0.7263494831296748,0.07140411949718073
-0.5321898656100914,-0.5189728997947725,0.013216965815318948
0.8116800587675495,0.7400149002127954,0.07166515855475408
-0.5607494262351063,-0.5467804541967156,0.013968972038390648
0.8249599115257683,0.7531000882391002,0.07185982328666807
-0.5885324440849274,-0.5738495361244896,0.014682907960437808
0.8375877572124287,0.765611443880025,0.07197631333240373
-0.6155027684493597,-0.6001455646596632,0.015357203789696516
0.8495588416981485,0.7775543719782415,0.07200446971990704
-0.6416255016224449,-0.625635377744731,0.015990123877713924
0.8608690561341299,0.7889331026258466,0.0719359535082833
-0.666867044595032,-0.650287254264991,0.016579790330040978
0.8715149320192428,0.7997505903773693,0.07176434164187351
-0.6911951406530467,-0.6740709284769705,0.01712421217607618
0.8814936356252394,0.8100084872839707,0.07148514834126873
-0.714578916822909,-0.6969575984300356,0.017621318392873397
0.8908029617923447,0.8197071790306002,0.07109578276174455
-0.7369889231074574,-0.7189199288044817,0.018068994302975705
0.899441327110468,0.8288458739690164,0.07059545314145155
-0.758397169458925,-0.7399320498258639,0.018465119633061078
0.907407762501148,0.8374227336199089,0.06998502888123903
-0.7787771604378059,-0.7599695526746439,0.018807607763161927
0.9147019052179496,0.8454350346433293,0.06926687057462033
-0.7981039275100692,-0.7790094829278468,0.019094444582222425
0.9213239902825686,0.8528793518372272,0.06844463844534143
-0.8163540589379777,-0.7970303323328085,0.019323726605169234
0.9272748413762412,0.8597517536836282,0.06752308769261295
-0.833505727223782,-0.8140120302410716,0.019493696982710418
0.9325558612053935,0.8660480019445445,0.06650785926084901
-0.8495387140689337,-0.829935934817166,0.019602779251767677
0.937169021362538,0.871763748989265,0.06540527237327298
-0.864434432815759,-0.8447848251014417,0.01964960771431734
0.9411168517026208,0.8768947266633392,0.0642221250392816
-0.8781759483423119,-0.858542893833711,0.019633054508600978
0.9444024292568571,0.8814369226774341,0.06296550657942301
-0.8907479943856998,-0.8711957418646651,0.019552252521034763
0.9470293667051733,0.8853867405805289,0.06164262612464444
-0.9021369882731409,-0.8827303738619462,0.019406614411194734
0.949001800429975,0.8887411413912377,0.06026065903873723
-0.9123310430447336,-0.893135195910797,0.019195847133936517
0.95032437817295,0.8914977648919394,0.058826613281010576
-0.9213199769560197,-0.9024000145458488,0.01891996241017091
0.9510022463180371,0.8936550303656803,0.05734721595235681
-0.9290953203531248,-0.9105160376254372,0.018579282727687607
0.9510410368225485,0.8952122162806525,0.055828820541895974
-0.9356503199173873,-0.9174758764580186,0.018174443459368694
0.950446853819762,0.8961695199461005,0.054277333873661515
-0.9409799402810348,-0.923273549448681,0.017706390832353813
0.9492262599150434,0.8965280976774627,0.052698162237580726
-0.9450808630195161,-0.9279044865924766,0.017176376427039508
0.9473862621987602,0.8962900872857787,0.05109617491298146
-0.9479514830306364,-0.9313655349857571,0.01658594804487923
0.9449342979979621,0.8954586140333615,0.04947568396460067
-0.9495919023145749,-0.9336549646399995,0.01593693767457538
0.9418782203898801,0.8940377822693035,0.04784043812057659
-0.9500039211732757,-0.9347724747136112,0.015231446459664455
0.9382262834989764,0.8920326541396197,0.04619362935935667
-0.9491910268514601,-0.9347191994383016,0.014471827413158445
0.9339871276002836,0.8894492176778745,0.044537909922409025
-0.9471583796457775,-0.9334977138321168,0.013660665813660766
0.9291697640503996,0.8862943456616028,0.04287541838879683
-0.9439127965122464,-0.9311120384944276,0.01280075801781877
0.9237835600684664,0.8825757474202004,0.04120781264826601
-0.9394627322061527,-0.9275676435752654,0.011895088630887285
0.9178382233880481,0.8783019147997819,0.03953630858826618
-0.9338182579921425,-0.922871451251469,0.010946806740673498
0.9113437868017352,0.8734820642197514,0.03786172258198384
-0.926991037966028,-0.9170318368169907,0.009959201149037256
0.9043105926188681,0.8681260757570372,0.036184516861830995
-0.9189943030332501,-0.9100586277672,0.008935675266050103
0.8967492770576323,0.862244430883486,0.034504846174146286
-0.909842822592556,-0.901963101010051,0.00787972158250505
0.888670754591318,0.8558481494919039,0.03282260509941404
-0.8995528739766845,-0.8927579776341462,0.00679489634253827
0.8800862022693602,0.8489487275219472,0.03113747474741302
-0.8881422097053242,-0.882457415395719,0.005684794309605223
0.8710070440322761,0.8415580755357521,0.02944896849652401
-0.8756300226086294,-0.8710769984064675,0.0045530242021619705
0.8614449350404045,0.833688459267961,0.027756475772443556
-0.8620369088828946,-0.8586337242128438,0.0034031846700508517
0.8514117460348362,0.8253524422546841,0.026059303780152088
-0.8473848291428092,-0.8451459877996745,0.0022388413431346788
0.840919547749649,0.8165628313282782,0.024356716421370828
-0.8316970675378499,-0.8306335627353607,0.0010635048024891791
0.8299805953930424,0.8073326248880695,0.022647970504972914
-0.8149981890029678,-0.815117579039396,0.00011939003642813528
0.8186073132156219,0.7976749645504286,0.020932348665193223
-0.7973139947166866,-0.7986204980162821,0.001306503299595474
0.8068122791825743,0.7876030899471425,0.0192091892354318
-0.7786714758420937,-0.781166083680605,0.002494607838511298
0.794608209767065,0.7771302971425906,0.0174779126244744
-0.7590987656289487,-0.7627793710438839,0.0036806054149352008
0.7820079448806505,0.7662699003443707,0.015738044536279805
-0.7386250899572983,-0.7434866309302053,0.00486154097290703
0.76902443295709,0.7550351972878343,0.013989235669255695
-0.7172807164054449,-0.7233153316180096,0.0060346152125647645
0.7556707162043386,0.743439437910915,0.01223127829342352
-0.6950969019270944,-0.702294097017462,0.007197195090367647
0.7419599160400823,0.7314957966415296,0.01046411939855263
-0.6721058392246705,-0.6804526617082234,0.008346822483552896
0.7279052187245589,0.7192173478809147,0.008687870843644196
-0.648340601907542,-0.6578218225910081,0.00948122068346613
0.7135198612049494,0.7066170449659511,0.006902816238998244
-0.6238350885257787,-0.6344333875071462,0.010598298981367438
0.6988171171839942,0.693707702176453,0.0051094150075412514
-0.5986239655715535,-0.6103201206253807,0.01169615505382715
0.6838102834260135,0.6805019800402735,0.0033083033857399524
-0.5727426095419133,-0.5855156849826376,0.012773075440724369
0.6685126663118606,0.6670123734895967,0.0015002928222638268
-0.5462270481578215,-0.5600545820260991,0.01382753386827762
0.6529375686548484,0.6532512030935054,0.0003136344386569512
-0.5191139008357459,-0.5339720885784395,0.01485818774269354
0.6370982767880379,0.6392306089056917,0.0021323321176538457
-0.4914403185088982,-0.5073041911236948,0.01586387261479666
0.6210080479337567,0.6249625471214271,0.003954499187670324
-0.46324392289633737,-0.4800875178735505,0.016843594977213106
0.604680097864589,0.6104587890623686,0.0057786911977796285
-0.4345627453186807,-0.4523592685621967,0.017796523243515994
0.5881275888655162,0.5957309226461377,0.007603333780621502
-0.4054351651599285,-0.424157142468699,0.01872197730877051
0.5713636180053066,0.5807903558326138,0.009426737827307297
-0.3758998480751712,-0.39551926466471604,0.019619416589544858
0.5544012057256316,0.5656483221604035,0.011247116434771942
-0.34599568404438014,-0.3664841110251396,0.020488426980759478
0.5372532847548539,0.5503158878324228,0.013062603077568902
-0.31576172537239916,-0.3370904320467096,0.021328706674310416
0.5199326893538024,0.5348039604172619,0.014871271063459424
-0.2852371247354142,-0.3073771760455293,0.022140051310115094
0.5024521448993067,0.5191232985887555,0.016671153689448825
-0.25446107337373847,-0.2773834118218215,0.022922338448083057
0.4848242578116525,0.5032845229232362,0.018460265111583718
-0.22347273953057717,-0.2471482513893317,0.023675511858754522
0.4670615058306017,0.4872981271430237,0.020236621312421987
-0.19231120723569192,-0.21671077289039123,0.024399565654699307
0.44917622864497647,0.47117448978102455,0.02199826113604808
-0.1610154155323634,-0.18610994431225764,0.025094528779894237
0.43118061887935116,0.4549238856292935,0.023743266749942316
-0.1296240982449661,-0.15538454814560454,0.025760449900638444
0.41308671344172593,0.4385564969129078,0.025469783471181895
-0.09817572438362804,-0.12457310760432093,0.02639738322069289
0.39490638523463434,0.4220824235368559,0.02717603830222154
-0.06670843928101192,-0.09371381455213124,0.02700537527111932
0.3766513352324636,0.4055116923316136,0.028860357099150025
-0.03526000655506647,-0.06284445974242414,0.027584453187357673
0.358333084926389,0.388854264648517,0.030521179722128033
-0.0038677509898357065,-0.03200236550064607,0.028134614510810365
0.33996296913864194,0.37212004223666834,0.0321570730980264
0.027431497575131223,-0.0012243214231411961,0.02865581899827242
0.3215521292064719,0.35531887077976476,0.03376674157329285
0.05860145925834602,0.029453476814701354,0.029147982443644666
0.3031115065365082,0.33846054105754814,0.035349034521039935
0.08960645796637379,0.05999548502398385,0.029610972942389936
0.28465183652889425,0.32155478716699215,0.0369029506380979
0.12041147395618763,0.09036686440754961,0.030044609548638024
0.2661836428709021,0.3046112818312801,0.038427638960377986
0.15098219504804603,0.12053353136861303,0.030448663679432997
0.24771723219844455,0.2876396283189472,0.039922396120502635
0.18128506640989128,0.15046220327214946,0.030822863137741824
0.229262689124254,0.27064934909813854,0.04138665997388455
0.2112873388368582,0.18012043982508072,0.031166899011777494
0.21082987163020903,0.2536498708686765,0.04281999923846749
0.24095711545267082,0.20947668023233207,0.03148043522033875
0.19242840682167725,0.2366505062251882,0.04422209940351096
0.2702633967626616,0.2385002759173033,0.03176312084535829
0.1740676870404766,0.21966043174511385,0.045592744704637256
0.2991761239917017,0.2671615190900217,0.032014604901679955
0.15575686633343702,0.2026886629125845,0.04693179657914748
0.3276662206436392,0.2954316670913231,0.03223455355231608
0.13750485727232534,0.1857440258492818,0.048239168576956454
0.3557056322227797,0.32328296293609354,0.032422669286686134
0.11932032812128568,0.1688351264432613,0.04951479832197561
0.38326736406160056,0.3506886521317993,0.032578711929801274
0.10121170034674659,0.1519703170421995,0.050758616695452896
0.41032551720319244,0.3776229963411361,0.03270252086205633
0.08318714646514679,0.1351576614937976,0.05197051502865081
0.436855322290959,0.40406128411293074,0.032794038178028284
0.06525458822267957,0.11840489890074753,0.053150310678067955
0.46283317142274644,0.4299798393884256,0.03285333203432084
0.04742169510163415,0.10171940706433837,0.05429771196270421
0.48823664793097893,0.4553560281441521,0.032880619786826826
0.02969588314683422,0.08510816617204929,0.05541228302521507
0.5130445540553833,0.4801682639972242,0.03287629005815912
0.012084314106038866,0.06857772387554768,0.05649340976950882
0.5372369364796156,0.5043960132427138,0.0328409232369018
-0.005406105122869551,0.05213416247292808,0.05754026759579763
0.5607951097084557,0.5280198002354082,0.03277530947304752
-0.022768722744665695,0.03578306947110582,0.05855179221577152
0.5837016772673166,0.5510212136498754,0.03268046361744115
-0.039997142027325676,0.01952951234726671,0.05952665437459238
0.6059405507114429,0.5733829145665279,0.032557636144915025
-0.05708522097766003,0.0033780188492040604,0.060463239826864086
0.6274969664375856,0.5950886469226111,0.03240831951497447
-0.07402707174033242,-0.012667436319493096,0.061359635420839324
0.6483575002968289,0.6161232512434607,0.03223424905336825
-0.09081705972807315,-0.028603437116974835,0.062213622611098314
0.6685100800129198,0.6364726821229579,0.03203739788996185
-0.10744980249179688,-0.04442712331432793,0.06302267917746895
0.6879439954165331,0.6561240302534472,0.03181996516308583
-0.12392016833878455,-0.06013617800966431,0.06378399032912024
0.7066499065117694,0.675065549315553,0.03158435719621644
-0.14022327470790677,-0.07572880493907225,0.06449446976883452
0.7246198493974092,0.6932866883190907,0.03133316107831852
-0.15635448631027488,-0.09120369468984334,0.06515079162043154
0.7418472400713405,0.7107781294490094,0.031069110622331086
-0.1723094130444062,-0.10655997959564435,0.06574943344876184
0.7583268761528144,0.7275318317000973,0.03079504445271708
-0.1880839076943139,-0.1217971768417823,0.0662867308525316
0.7740549365629797,0.7435410799968845,0.030513856566095288
-0.20367406341956798,-0.1369151200536838,0.06675894336588417
0.7890289792101783,0.758800539677698,0.030228439532480333
-0.2190762110455774,-0.1519138794658186,0.06716233157975879
0.8032479367319444,0.7733063155900879,0.0299416211418565
-0.23428691616288488,-0.16679367157687658,0.0674932445860083
0.8167121103512017,0.7870560151862037,0.02965609516499801
-0.2493029760434065,-0.1815547590850363,0.06774821695837022
0.8294231619089695,0.8000488143412146,0.02937434756775492
-0.2641214163819708,-0.19619734275322329,0.0679240736287475
0.8413841041405579,0.8122855247347277,0.02909857940583016
-0.2787394878706213,-0.2107214467817166,0.06801804108890472
0.8525992892659647,0.8237686609523601,0.02883062831360461
-0.2931546626134828,-0.22512680013944247,0.0680278624740403
0.8630743959684525,0.8345025055779117,0.028571890390540755
-0.3073646303890928,-0.23941271623697868,0.0679519141521141
0.8728164148373709,0.8444931698749185,0.02832324496245242
-0.32136729476743553,-0.2535779741709715,0.06778932059646403
0.8818336323524723,0.8537486477957803,0.02808498455669195
-0.33516076908802866,-0.26762070465527943,0.06754006443274924
0.8901356134866163,0.8622788604311082,0.027856753055508054
-0.34874337230583996,-0.2815382845161469,0.06720508778969309
0.8977331830021078,0.8700956882168618,0.02763749478524602
-0.36211362471104014,-0.29532724340328714,0.066786381307753
0.9046384055121504,0.8772129876821442,0.027425417830006182
-0.3752702435291483,-0.3089831869774259,0.0662870565517224
0.9108645643733991,0.8836465898423077,0.027217974531091427
-0.3882121384075967,-0.3225007404223561,0.06571139798524062
0.9164261394674383,0.8894142769494674,0.02701186251797094
-0.4009384067954915,-0.335873516508231,0.06506489028726048
0.9213387839184832,0.8945357348098919,0.026803049108591326
-0.41344832922311336,-0.3490941117530604,0.06435421747005299
0.9256192997809161,0.8990324776929003,0.02658682208801577
-0.42574136448872296,-0.36215413430057386,0.0635872301881491
0.9292856127135933,0.9029277435922425,0.026357869121350852
-0.4378171447602914,-0.3750442661097057,0.06277287865058567
0.9323567456374875,0.9062463576927077,0.026110387944779823
-0.4496754706010925,-0.38775436174586114,0.06192110885523133
0.9348527913493626,0.9090145629410229,0.025838228408339714
-0.46131630592834216,-0.4002735846422462,0.06104272128609595
0.9367948840362028,0.9112598170528827,0.025535066983320087
-0.4727397729155671,-0.4125905809720234,0.060149191943543734
0.9382051696033292,0.9130105567105409,0.02519461289278835
-0.4839461468496748,-0.4246936894293874,0.0592524574202874
0.9391067746930372,0.9142959305290991,0.024810844163938084
-0.4949358509550767,-0.43657118407001083,0.05836466688506586
0.9395237742306523,0.9151455042058221,0.024378270024830173
-0.5057094511972837,-0.4482115451318971,0.05749790606538663
0.9394811572909425,0.9155889424974094,0.023892214793533095
-0.5162676510792716,-0.459603751265474,0.05666389981379766
0.9390047910303388,0.9156556748952588,0.02334911613508006
-0.52661128644337,-0.470737584111982,0.05587370233138794
0.9381213823796671,0.915374553440244,0.022746828939423147
-0.5367413202913537,-0.4816039345190421,0.05513738577231159
0.9368584371388585,0.9147735136013038,0.022084923537554757
-0.5466588376339128,-0.49219509719176097,0.0544637404421518
0.9352442160597778,0.9138792508449497,0.021364965214828113
-0.556365040379311,-0.5025050391195948,0.05386000125971624
0.9333076874472046,0.9127169279516875,0.02059075949551714
-0.565861242268296,-0.5125296250785187,0.0533316171897773
0.931078475751615,0.911309929537009,0.019768546214605998
-0.5751488638597201,-0.5222667828119941,0.05288208104772596
0.9285868055724805,0.9096796820373743,0.018907123535106263
-0.5842294275674264,-0.5317165896041095,0.05251283796331685
0.9258634404379553,0.9078455577890818,0.018017882648873496
-0.5931045527455637,-0.5408812628663404,0.05222328987922331
0.9229396156780817,0.9058248821024851,0.017114733575596563
-0.6017759508152112,-0.5497650386001119,0.052010912215099236
0.9198469646648896,0.9036330604979115,0.0162139041669781
-0.6102454204220044,-0.558373925213296,0.051871495208708374
0.9166174376560421,0.9012838407993472,0.015333596856694887
-0.6185148426111566,-0.5667153247309074,0.05179951788024928
0.9132832124501289,0.8987897196247955,0.01449349282533341
-0.6265861760049009,-0.5747975209620337,0.051788655042867116
0.9098765960436871,0.8961624962675009,0.013714099776186206
-0.634461451966667,-0.5826290431627548,0.05183240880391227
0.9064299164737739,0.8934139671696074,0.013015949304166496
-0.6421427697385156,-0.5902179259702104,0.051924843768305196
0.9029754040383015,0.8905567426690035,0.012418661369297923
-0.6496322915417557,-0.5975709000522179,0.05206139148953781
0.8995450611113277,0.8876051529434699,0.011939908167857838
-0.6569322376373946,-0.6046925642874226,0.05223967334997204
0.8961705198154476,0.884576194153295,0.011594325662152571
-0.6640448813511329,-0.6115846068100558,0.052460274541077156
0.8928828868816953,0.8814904479425698,0.011392438939125449
-0.6709725440784259,-0.6182451591895701,0.052727384888855755
0.8897125751232754,0.8783728907683951,0.011339684354880308
-0.6777175902963712,-0.6246683815973126,0.0530492086990586
0.8866891210777935,0.8752534944339765,0.011435626643817032
-0.684282422621571,-0.6308443858531494,0.053438036768421626
0.8838409885390711,0.8721675101417388,0.011673478397332349
-0.6906694769638059,-0.6367596024583928,0.05390987450541307
0.8811953579097975,0.8691553271676479,0.012040030742149654
-0.6968812178345007,-0.6423976844971017,0.05448353333739908
0.8787779015662526,0.8662618094736958,0.012516092092556774
-0.7029201338732846,-0.6477410093948711,0.055179124478413444
0.8766125457410889,0.8635350415683819,0.013077504172707033
-0.7087887336551634,-0.6527727863445889,0.056015947310574465
0.8747212198037088,0.8610244637109837,0.013696756092725026
-0.7144895418314651,-0.6574796981501709,0.05700984368129414
0.8731235942508968,0.8587784461562983,0.014345148094598525
-0.7200250956393239,-0.6618549027585704,0.058170192880753535
0.8718368092110726,0.8568414427944454,0.014995366416627243
-0.7253979417838882,-0.6659010947151798,0.05949684706870839
0.8708751958057876,0.8552509684617806,0.015624227344007036
-0.7306106336552357,-0.6696331932507898,0.06097744040444586
0.8702499932889172,0.8540347505385304,0.01621524275038677
-0.7356657287872467,-0.6730801007864561,0.0625856280007906
0.8699690654762828,0.8532084925553581,0.0167605729209247
-0.7405657864037445,-0.6762848966846954,0.0642808897190491
0.8700366205592976,0.8527747296755942,0.017261890883703446
-0.7453133648346644,-0.6793028375227803,0.06601052731188406
0.8704529389316515,0.8527232188937242,0.017729720037927388
-0.7499110185382478,-0.6821966801961424,0.06771433834210538
0.8712141141128055,0.8530331598195818,0.01818095429322364
-0.754361294454236,-0.6850291787684857,0.06933211568575037
0.8723118121934933,0.8536772598781196,0.018634552315373698
-0.7586667274661122,-0.6878531711105768,0.07081355635553543
0.8737330554387184,0.8546272399485418,0.019105815490176536
-0.7628298348916308,-0.6907004693685854,0.07212936552304539
0.8754600357694762,0.8558598538964598,0.019600181873016376
-0.7668531101651236,-0.6935717392857317,0.0732813708793919
0.8774699638493079,0.8573619507865672,0.02010801306274068
-0.770739016206025,-0.6964305336708587,0.07430848253516631
0.8797349595036219,0.8591326795454726,0.02060227995814934
-0.7744899793279526,-0.6992053373636624,0.07528464196429019
0.8822219892884587,0.8611808280364991,0.02104116125195965
-0.7781083848148667,-0.7018034151150034,0.07630496969986322
0.8848928572350198,0.8635157696046644,0.021377087630355396
-0.7815965753071508,-0.7041387727236198,0.07745780258353097
0.8877042549904524,0.8661318793041043,0.021572375686348066
-0.7849568526993552,-0.7061728163313651,0.07878403636799014
0.8906078772920211,0.8689888462733903,0.02161903101863072
-0.7881914831955484,-0.7079595180194392,0.0802319651761092
0.8935506070553554,0.8719939565440091,0.021556650511346254
-0.7913027035486278,-0.7096769101523644,0.0816257933962633
0.8964747700712521,0.8749960645702035,0.02147870550104858
-0.7942927248837791,-0.7116153153616397,0.08267740952213942
0.8993184511277463,0.8778019516685908,0.02151649945915557
-0.7971637301215041,-0.7140847454248024,0.08307898469670172
0.902015850669061,0.8802205720494538,0.021795278619607172
-0.7999178632015262,-0.717205879803678,0.08271198339784824
0.904497646342686,0.8821281384670787,0.02236950787560732
-0.802557212312776,-0.7205643401074372,0.0819928722053388
0.9066913353386273,0.8835296179493518,0.023161717389275527
-0.8050837901298441,-0.7227532782658997,0.08233051186394436
0.9085218605373283,0.8845351918582365,0.023986668679091827
-0.8074995139068996,-0.7212116775639716,0.08628783634292791
0.9099136383204132,0.885059379349079,0.024854258971334198
-0.8098063380579892,-0.7198331076837583,0.08997323037423088
0.9107900579061917,0.8850198271121675,0.025770230794024185
-0.8120061461489543,-0.722492719326224,0.08951342682273022
0.9110730054468689,0.8845351816900056,0.02653782375686331
-0.8141006470511495,-0.726578174741177,0.08752247230997245
0.9106849671691337,0.8836217762048094,0.027063190964324302
-0.8160915185289104,-0.7306090300225043,0.08548248850640605
0.9095497838096387,0.8821669541200372,0.027382829689601484
-0.8179804013754098,-0.7340892335545646,0.08389116782084527
0.9075931760675967,0.8799877391942563,0.027605436873340383
-0.8197688921463475,-0.7370635062297765,0.08270538591657106
0.9047433433409781,0.8768942417938472,0.027849101547130828
-0.8214585337628286,-0.7397814981914217,0.08167703557140693
0.9009316069074662,0.8727337718598993,0.0281978350475669
-0.8230508055926258,-0.7424927564147464,0.08055804917787934
0.8960930530537132,0.8674084906964961,0.02868456235721717
-0.8245471161975686,-0.745352175473628,0.07919494072394062
0.8901671434043302,0.8608715637767164,0.029295579627613866
-0.8259487995636239,-0.7484019517167618,0.07754684784686205
0.8830982711527883,0.8531117716912459,0.029986499461542415
-0.8272571138850409,-0.7515949706277074,0.07566214325733345
0.8748362505625409,0.8441356027207498,0.03070064784179105
-0.828473241712236,-0.7548325272094676,0.07364071450276843
0.8653367330946344,0.8339524457687018,0.03138428732593268
-0.8295982906564792,-0.7580000057525309,0.07159828490394826
0.8545615473810072,0.822565187952342,0.03199635942866519
-0.8306332941935434,-0.7609931229383878,0.06964017125515554
0.8424789626641488,0.8099662704227235,0.03251269224142528
-0.831579212280836,-0.7637331540537254,0.06784605822711054
0.8290638768392556,0.7961380813014124,0.03292579553784325
-0.8324369315961986,-0.7661726127560795,0.06626431884011907
0.8142979312717852,0.7810561594160008,0.03324177185578436
-0.8332072653092671,-0.7682940365920352,0.06491322871723193
0.7981695553760686,0.7646937407614747,0.033475814614593924
-0.8338909524156924,-0.7701046288069909,0.06378632360870151
0.7806739446641989,0.7470264706089746,0.03364747405522428
-0.8344886567690284,-0.7716290710753483,0.06285958569368011
0.7618129766598528,0.7280364773659185,0.03377649929393434
-0.8350009660023886,-0.772902192665596,0.06209877333679259
0.7415950697124561,0.7077153642239372,0.03387970548851893
-0.8354283905339124,-0.7739625563794111,0.06146583415450124
0.7200349903093384,0.6860659724803789,0.03396901782895945
-0.8357713628061318,-0.7748474962668412,0.060923866539290605
0.6971536149256979,0.6631029843172809,0.034050630608417065
-0.8360302368420598,-0.7755897527288139,0.060440484113245874
0.6729776527433682,0.638852564826474,0.03412508791689417
-0.8362052881305732,-0.7762155938682154,0.059989694262357784
0.6475393356937135,0.6133513034295106,0.03418803226420286
-0.8362967137976256,-0.7767441687623103,0.05955254503531526
0.6208760822401926,0.5866447227195085,0.034231359520684124
-0.8363046329848526,-0.7771877801166536,0.05911685286819901
0.5930301411274841,0.5587855943283049,0.03424454679917921
-0.8362290873454763,-0.7775527649273786,0.058676322418097726
0.5640482210120235,0.5298322544507185,0.03421596656130499
-0.836070041574245,-0.7778407078218267,0.058229333752418344
0.5339811114811248,0.4998470567758467,0.03413405470527814
-0.8358273839082685,-0.7780497660601572,0.05777761784811131
0.5028833004936378,0.4688950484118976,0.03398825208174022
-0.8355009265613532,-0.7781759436625953,0.05732498289875787
0.4708125927587843,0.4370429084476388,0.033769684311145465
-0.8350904060810825,-0.7782142079148615,0.056876198166221026
0.43782973303360734,0.40435815356691696,0.03347157946669038
-0.8345954836401769,-0.7781593886635785,0.056436094976598405
0.40399803777890275,0.3709085893312007,0.03308944844770206
-0.8340157452902762,-0.7780068387318287,0.05600890655844748
0.3693830380823602,0.336761970514785,0.03262106756757521
-0.8333507022152714,-0.7777528609598615,0.0555978412554099
0.33405213624394087,0.3019858258163474,0.03206631042759345
-0.8325997910241376,-0.7773949260500221,0.055204864974115475
0.29807427793014873,0.26664740145255267,0.031426876477596066
-0.831762374120074,-0.776931715715279,0.05483065840479506
0.26151964134445965,0.23081368081691275,0.0307059605275469
-0.8308377401761883,-0.7763630305611834,0.05447470961500489
0.224459344435586,0.19455144380912312,0.02990790062646287
-0.8298251047387131,-0.7756896019714634,0.054135502767249655
0.1869651707749861,0.15792733630769748,0.02903783446728861
-0.8287236109693341,-0.7749128447295341,0.05381076623979997
0.14910931438332795,0.12100792843795699,0.028101385945370955
-0.8275323305287874,-0.7740345820724441,0.05349774845634325
0.11096414347270171,0.08385974708519116,0.027104396387510554
-0.826250264596483,-0.7730567695423374,0.05319349505414561
0.07260198279933718,0.04654927499248078,0.026052707806856396
-0.8248763450148128,-0.7719812377664412,0.05289510724837154
0.0340949140893751,0.009142913545273107,0.024952000544101995
-0.8234094355434303,-0.7708094689055462,0.05259996663788402
-0.0044854061913169605,-0.028293089126337805,0.023807682935020846
-0.8218483332068264,-0.7695424159988224,0.05230591720800393
-0.043067912605653735,-0.06569274074406592,0.022624828138412184
-0.8201917697189636,-0.7681803702322281,0.0520113994867355
-0.08158228105008208,-0.10299043190520969,0.02140815085512761
-0.818438412969925,-0.7667228770970743,0.051715535872850715
-0.11995906467499493,-0.14012108087398084,0.020162016198985916
-0.8165868685623727,-0.765168699735504,0.05141816882686867
-0.15812981654922564,-0.17702028880237622,0.018890472253150575
-0.8146356813883749,-0.7635158252235091,0.05111985616486581
-0.19602720021804118,-0.21362449891037819,0.017597298692337004
-0.8125833372407638,-0.7617615082806857,0.05082182896007814
-0.23358508929933006,-0.24987115338255936,0.0162860640832293
-0.8104282644560991,-0.7599023456218926,0.05052591883420643
-0.2707386572372392,-0.2856988432105151,0.014960185973275864
-0.808168835589465,-0.7579343740022851,0.05023446158717981
-0.3074244582885259,-0.32104744677547203,0.013622988486946153
-0.8058033691234564,-0.7558531846628745,0.04995018446058186
-0.34358050075956337,-0.3558582545734911,0.012277753813927705
-0.8033301312158051,-0.7536540474683993,0.04967608374740584
-0.3791463134429689,-0.39007407801829563,0.010927764575326737
-0.8007473374911087,-0.751332038275745,0.049415299215363695
-0.4140630061270513,-0.42363934172644585,0.009576335599394525
-0.798053154883059,-0.7488821640876813,0.04917099079537768
-0.4482733249698208,-0.45650015899629887,0.008226834026478058
-0.7952457035334879,-0.7462994810937594,0.04894622243972846
-0.4817217034463394,-0.4886043914037757,0.006882687957436295
-0.7923230587546425,-0.74357920189334,0.04874385686130245
-0.5143543094941709,-0.5199016934547275,0.00554738396055654
-0.7892832530602033,-0.7407167888216757,0.04856646423852762
-0.5461190894000524,-0.5503435441667114,0.004224454766659003
-0.7861242782701044,-0.737708031481867,0.048416246788237416
-0.576965808891385,-0.5798832671933519,0.00291745830196688
-0.7828440876929788,-0.7345491071377535,0.0482949805552253
-0.6068460918215665,-0.6084760417957532,0.0016299499741867507
-0.7794405983893216,-0.7312366236735702,0.04820397471575133
-0.6357134567676906,-0.6360789064803115,0.0003654497126208689
-0.7759116935172222,-0.7277676452121682,0.04814404830505403
-0.6635233517948673,-0.662650757629896,0.0008725941649713187
-0.7722552247617928,-0.7241397013414294,0.048115523420363404
-0.6902331875821917,-0.6881523448105914,0.0020808427716002553
-0.768469014848326,-0.7203507810787735,0.04811823376955249
-0.7158023690529091,-0.7125462648207723,0.003256104232136736
-0.7645508601387282,-0.716399313349849,0.04815154678887923
-0.7401923256039223,-0.7357969558054306,0.004395369798491755
-0.7604985333098762,-0.7122841357327062,0.04821439757716994
-0.7633665399890828,-0.757870693077989,0.005495846911093727
-0.7563097861123456,-0.7080044536665276,0.04830533244581792
-0.7852905758746676,-0.7787355874982443,0.00655498837642321
-0.7519823522073219,-0.7035597921195064,0.048422560087815536
-0.8059321040556477,-0.7983615875542999,0.007570516501347879
-0.7475139500795338,-0.6989499419942137,0.04856400808532013
-0.8252609272954726,-0.8167204854925842,0.008540441802888377
-0.7429022860236452,-0.6941749032037703,0.048727382819874876
-0.8432490037318097,-0.8337859281525143,0.009463075579295377
-0.7381450572017517,-0.6892348265156789,0.04891023068607281
-0.8598704687735532,-0.8495334323762865,0.010337036397266686
-0.7332399547694062,-0.6841299558167346,0.04910999895267154
-0.875101655401984,-0.8639404052115083,0.011161250190475758
-0.7281846670679004,-0.6788605725430386,0.04932409452486186
-0.8889211127790582,-0.8769861683744421,0.011934944404616066
-0.722976882880403,-0.6734269435176723,0.049549939362730666
-0.9013096230597196,-0.8886519868378526,0.012657636221866997
-0.7176142947499475,-0.6678292734972199,0.04978502125272766
-0.9122502163008356,-0.8989211007011781,0.013329115599657437
-0.712094602357143,-0.662067663204238,0.0500269391529049
-0.9217281833582909,-0.9077787599526862,0.013949423405604677
-0.7064155159558697,-0.656142073682814,0.050273442273055746
-0.9297310866637356,-0.9152122610741582,0.0145188255895774
-0.7005747598651055,-0.6500522972957291,0.050522462569376425
-0.9362487687751484,-0.9212109849450947,0.01503778383005372
-0.6945700760154239,-0.6437979357667462,0.05077214024867771
-0.9412733585985021,-0.9257664348903274,0.015506923708174747
-0.6883992275484746,-0.6373783851783795,0.051020842370095076
-0.944799275183154,-0.9288722742716055,0.015927000911548528
-0.6820600024681596,-0.6307928279597289,0.05126717450843066
-0.9468232289989378,-0.9305243624499507,0.016298866548987045
-0.6755502173419345,-0.6240402314438915,0.05150998589804301
-0.947344220610128,-0.9307207885470665,0.016623432063061494
-0.6688677210509834,-0.6171193527463336,0.051748368304649794
-0.946363536668248,-0.9294619018906315,0.016901634777616525
-0.6620103985876967,-0.6100287493007869,0.05198164928690985
-0.9438847431540794,-0.9267503386664099,0.017134404487669563
-0.6549761748991377,-0.6027667946131007,0.052209380286037055
-0.9399136758069492,-0.922591043777938,0.017322632029011187
-0.6477630187748251,-0.5953316984166348,0.052431320358190314
-0.9344584276883828,-0.9169912875790869,0.017467140109295953
-0.6403689467773472,-0.587721530687406,0.05264741608994128
-0.9275293338354299,-0.9099606766369223,0.017568657198507642
-0.6327920272139482,-0.5799342486323316,0.052857778581616666
-0.919138952968241,-0.9015111583618143,0.017627794606426717
-0.6250303841473519,-0.5719677260846411,0.05306265806271082
-0.9093020462248046,-0.8916570188397211,0.017645027385083445
-0.6170822014436746,-0.5638197844208469,0.053262417022827746
-0.8980355529050613,-0.8804148738902041,0.0176206790148572
-0.6089457268554339,-0.5554882244726879,0.05345750238274605
-0.8853585632148073,-0.8678036528664891,0.017554910348318242
-0.6006192761371418,-0.5469708586058748,0.053648417531267034
-0.8712922880088759,-0.8538445754068223,0.017447712602053578
-0.5921012371911525,-0.5382655425257786,0.05383569466537386
-0.8558600255410482,-0.838561120827577,0.017298904713471286
-0.5833900742409018,-0.5293702060790149,0.054019868161886975
-0.8390871252368134,-0.821978990538243,0.01710813469857042
-0.5744843320288378,-0.5202828827304619,0.05420144929837589
-0.8210009485127016,-0.8041260633259252,0.01687488518677638
-0.5653826400357959,-0.5110017371059763,0.05438090292981956
-0.8016308266740847,-0.7850323440375945,0.01659848263649022
-0.5560837167187418,-0.501525090416468,0.054558626302273816
-0.7810080159304903,-0.764729905639437,0.016278110291053305
-0.5465863737632474,-0.49185144328578956,0.05473493047745781
-0.7591656495751224,-0.7432528253021831,0.015912824272939385
-0.5368895203472677,-0.48197949593903383,0.05491002440823384
-0.7361386873818694,-0.7206371145929801,0.015501572788889306
-0.5269921674121676,-0.47190816540422836,0.055084002007939226
-0.7119638622802046,-0.6969206445130096,0.015043217767194972
-0.5168934319372236,-0.46163659981972094,0.05525683211750265
-0.6866796243743892,-0.6721430655313149,0.014536558843074365
-0.5065925412131884,-0.45116418962023247,0.05542835159295595
-0.6603260823799196,-0.6463457234127913,0.013980358967128348
-0.4960888371107743,-0.4404905758160566,0.05559826129471768
-0.6329449425556006,-0.6195715710302251,0.013373371525375544
-0.4853817803393129,-0.4296156552419012,0.05576612509741169
-0.6045794452155641,-0.5918650769872957,0.012714368228268325
-0.47447095469110745,-0.41853958309312694,0.055931371597980506
-0.5752742989104043,-0.5632721312529941,0.012002167657410134
-0.4633560712664224,-0.4072627727085578,0.0560932985578646
-0.545075612371942,-0.5338399486373115,0.011235663734630474
-0.4520369726743212,-0.39578589299952,0.056251079674801197
-0.514030824320417,-0.5036169702946375,0.010413854025779545
-0.440513637203986,-0.38410986354388266,0.05640377366010335
-0.48218863123764527,-0.4726527640634107,0.009535867174234547
-0.4287861829614885,-0.37223584780444213,0.05655033515704638
-0.44959891321340256,-0.44099792379571684,0.008600989417685723
-0.4168548719663538,-0.36016524452697013,0.05668962743938366
-0.41631265797646055,-0.40870396844594503,0.007608689530515522
-0.40472011420264103,-0.34789967781520337,0.05682043638743767
-0.3823818832248473,-0.3758232410224845,0.006558642202362797
-0.39238247161865936,-0.33544098595361294,0.05694148566504642
-0.3478595573735361,-0.3424088081200256,0.005450749253510467
-0.3798426620698371,-0.3227912094923567,0.0570514525774804
-0.3127995188403311,-0.3085143600758071,0.004285158764523955
-0.3671015631986311,-0.30995257866244874,0.057148984536182335
-0.27725639399382274,-0.27419411240709535,0.003062281586727389
-0.3541602162458382,-0.29692750063566964,0.05723271561016857
-0.2412855138893144,-0.23950270850616695,0.0017828053831474566
-0.3410198297870165,-0.28371854667766344,0.05730128310935306
-0.20494282992118373,-0.20449512418557106,0.00044770573561267457
-0.3276817833882316,-0.2703284396958846,0.057353343692347014
-0.16828482852165458,-0.16922657398169577,0.0009417454600411934
-0.3141476311746933,-0.2567600421974818,0.05738758897721152
-0.13136844503800169,-0.13375241974321997,0.0023839747052182836
-0.3004191053063854,-0.2430163451362068,0.05740276017017859
-0.09425097692121348,-0.09812808134537561,0.0038771044241621283
-0.2864981193541558,-0.22910045762023454,0.057397661733921274
-0.05698999636067642,-0.062408949995188895,0.0054189536345124745
-0.27238677157028185,-0.21501559792916372,0.05737117364111813
-0.019643262499964866,-0.026650303903771506,0.0070070414038066395
-0.25808734804690037,-0.20076508576332405,0.057322262283576314
0.017731366630136868,0.009092773265138123,0.008638593364998745
-0.24360232575629445,-0.18635233613694815,0.0572499896193463
0.05507602232521873,0.044765471452216196,0.010310550873002533
-0.22893437546636505,-0.17178085478499228,0.05715352068137278
0.09233291343069704,0.08031333040579959,0.012019583024897446
-0.21408636452527577,-0.15705423545598696,0.05703212906928881
0.1294444144388201,0.11568231336257967,0.01376210107624043
-0.19906135950861448,-0.14217615890409857,0.056885200604515906
0.1663531533228282,0.15081887788899015,0.015534275433838063
-0.18386262872306025,-0.12715039391072264,0.056712234812337614
0.2030020989727074,0.18567004425671274,0.017332054715994666
-0.16849364455994456,-0.11198080009096294,0.056512844468981624
0.23933464809736577,0.22018346106784645,0.019151187029519318
-0.1529580856927813,-0.09667133277098508,0.05628675292179622
0.2752947114593336,0.25430746853898784,0.02098724292034576
-0.1372598391121792,-0.08122604963130574,0.05603378948087347
0.3108267993089012,0.28799115918387186,0.022835640125029366
-0.12140300199236108,-0.06564911935642198,0.0557538826359391
0.34587610588632006,0.3211844363322313,0.024691669554088747
-0.10539188338279154,-0.049944831920906534,0.05544705146188501
0.38038859286191523,0.35383807024157554,0.02655052262033969
-0.08923100571928815,-0.034117610705644286,0.05511339501364386
0.4143110715860854,0.3859037522619782,0.028407319324107172
-0.0729251061482679,-0.018172026005588718,0.054753080142679184
0.44759128402278514,0.41733414682175696,0.030257137201028184
-0.05647913765869246,-0.0021128100714036696,0.05436632758728879
0.480177982242602,0.4480829417122298,0.03209504053037221
-0.03989827001556086,0.014055126825392339,0.0539533968409532
0.5120210063535737,0.4781048964456055,0.03391610990796823
-0.02318789048973566,0.030326679216652584,0.053514569706388244
0.5430713607507358,0.5073558891796195,0.03571547157111632
-0.006353604378200226,0.04669652873708513,0.05305013311528536
0.573281288567814,0.535792961986014,0.03748832658180001
0.010598764690206026,0.06315912586887117,0.05256036117866514
0.602604344217694,0.5633743649697305,0.039229979247963565
0.02766317466919341,0.0797086717949332,0.05204549712573979
0.6309954639110182,0.5900595990169532,0.04093586489406509
0.044833365234200416,0.09633910038658777,0.05150573515238736
0.6584110340458408,0.6158094576916642,0.04260157635417661
0.06210285815166015,0.11304406106338603,0.05094120291172589
0.6848089573642986,0.640586068056314,0.04422288930798457
0.07946495788261272,0.1298169026004437,0.050351944717830985
0.7101487167761377,0.6643529309496917,0.045795785826445945
0.09691275242564958,0.14665065868436994,0.04973790625872036
0.7343914367522325,0.6870749604916876,0.047316476260544915
0.11443911440303414,0.16353803532711977,0.04909892092408563
0.7574999421954195,0.7087185233585788,0.04878141883684073
0.13203670239462786,0.18047140098072903,0.048434698586101166
0.7794388146994976,0.7292514775892617,0.05018733711023593
0.1496979625230394,0.1974427794674903,0.0477448169444509
0.8001744461116694,0.7486432114710266,0.0515312346406428
0.1674151302942161,0.2144438465765239,0.047028716282307814
0.8196750893174827,0.7668646822489456,0.052810407068537124
0.1851802326964935,0.23146593040174576,0.04628569770525226
0.8379109061719227,0.7838884552043862,0.05402245096753644
0.2029850905618939,0.2485000162291887,0.045514925667294814
0.8548540125043161,0.7996887428181223,0.05516526968619384
0.22082132119225498,0.26553675595012627,0.04471543475787129
0.8704785201294593,0.8142414445487318,0.056237075580727436
0.2386803412535887,0.28256648269641527,0.04388614144282657
0.8847605758015734,0.8275241868968266,0.057236388904746804
0.2565533699408202,0.29957923050027796,0.043025860559457785
0.8976783970525819,0.8395163642537647,0.058162032798817154
0.274431432415922,0.31656475948360996,0.042133327067687965
0.9092123048605519,0.8501991801396064,0.05901312472094555
0.2923053635211898,0.33351258611722673,0.04120722259603693
0.9193447530991491,0.8595556892769786,0.05978906382217053
0.31016581177031605,0.35041201877647904,0.04024620700616299
0.928060354723452,0.86757084001511,0.060489514708342074
0.32800324361862765,0.36725219778363793,0.039248954165010286
0.9353459046525895,0.8742315174759704,0.0611143871766191
0.34580794801481574,0.3840221398025446,0.03821419178772889
0.9411903993142695,0.8795265868212747,0.061663812492994796
0.3635700412351809,0.40071078535120314,0.03714074411602225
0.9455850528215354,0.8834469369150585,0.06213811590647689
0.3812794720023934,0.41730704887628695,0.03602757687389352
0.9485233097567677,0.8859855236416577,0.06253778611510996
0.3989260268894757,0.4337998696889931,0.034873842799517385
0.9500008545433867,0.8871374130376423,0.06286344150574441
0.4164993360106959,0.45017826276947653,0.03367892675878065
0.9500156173904615,0.8868998233412664,0.0631157940491951
0.4339888789996997,0.4664313672895344,0.0324424882898347
0.9485677768010456,0.885272165989436,0.06329561081160961
0.4513839912762621,0.48254849147873724,0.03116450020247513
0.9456597586399007,0.882256084499874,0.06340367414002668
0.46867387060153354,0.4985191513325007,0.02984528073096715
0.9412962317620213,0.877855491138529,0.06344074062349225
0.4858475839227219,0.5143331015593444,0.028485517636622493
0.9354841002083525,0.8720766001453603,0.06340750006299223
0.5028940745065171,0.5299803561186537,0.027086281612136553
0.9282324919809185,0.8649279572978585,0.06330453468305997
0.5198021693615843,0.5454511967863744,0.02564902742479014
0.9195527444147035,0.8564204644341918,0.06313227998051163
0.536560586948606,0.5607361672826754,0.024175580334069413
0.9094583861695007,0.8465673986180038,0.06289098755149691
0.5531579451773044,0.5758260518288486,0.022668106651544173
0.8979651158701476,0.8353844244411307,0.0625806914290169
0.56958276968778,0.5907118362980192,0.021129066610239167
0.8850907774294641,0.8228895990841362,0.0622011783453279
0.5858235024142847,0.605384651758281,0.01956114934399633
0.8708553320934215,0.8091033685473251,0.061751963546096356
0.6018685104272066,0.6198356997403615,0.017967189313154885
0.855280827253979,0.7940485546620683,0.061232272591910775
0.6177060950495925,0.6340561605244773,0.016350065474884823
0.8383913620802003,0.7777503312705558,0.06064103080964445
0.6333245012419186,0.6480370855081995,0.01471258426628086
0.8202130500241641,0.7602361892519485,0.059976860772215645
0.6487119272491645,0.6617692769869046,0.013057349737740087
0.8007739782634814,0.7415358888457481,0.05923808941773334
0.6638565345013268,0.6752431586168233,0.011386624115496513
0.7801041641483044,0.721681399132008,0.058422765016296396
0.678746457758778,0.6884486423107246,0.009702184551946602
0.758235508726391,0.7007068233146277,0.05752868541176326
0.6933698154907239,0.7013749972807677,0.008005181790043836
0.7352017474267124,0.6786483100105364,0.05655343741617602
0.7077147204753731,0.7140107294415717,0.006296008966198641
0.7110383979889848,0.6555439495757435,0.05549444841324136
0.7217692906073361,0.7263434791246832,0.004574188517347144
0.6857827057354969,0.6314336562335071,0.05434904950198982
0.7355216598984984,0.7383599472750221,0.002838287376523696
0.659473586291509,0.6063590356590337,0.05311455063247528
0.7489599896560383,0.7500458594497446,0.0010858697937062844
0.6321515658739275,0.5803632396096182,0.05178832626430929
0.76207247982288,0.7613859784763717,0.0006865013465082725
0.6038587192839768,0.5534908081306696,0.05036791115330719
0.7748473804644397,0.7723641747459191,0.0024832057185205647
0.5746386057614252,0.5257875019868362,0.04885110377458901
0.7872730033888304,0.7829635635067068,0.004309439882123622
0.5445362028850272,0.49730012690565883,0.04723607597936841
0.7993377338882366,0.7931667151442144,0.00617101874402215
0.5135978387400362,0.4680763534439317,0.04552148529610445
0.8110300425951104,0.8029559432620178,0.008074099333092555
0.48187112261883314,0.4381645350928956,0.043706587525937535
0.8223384974503066,0.8123136701429177,0.010024827307388962
0.44940487457926825,0.4076135294142952,0.04179134516497307
0.8332517757898551,0.8212228662275313,0.01202890956232383
0.4162490542571412,0.3764725254793275,0.03977652877781368
0.8437586765642583,0.8296675531291602,0.014091123435098107
0.38245468941915806,0.3447908828191644,0.03766380659999363
0.8538481327179598,0.8376333552259881,0.016214777491971644
0.34807380484978245,0.312617985053837,0.035455819795945476
0.8635092237678837,0.8451080764265468,0.01840114734133691
0.3131593522938235,0.28000311292337254,0.03315623937045098
0.8727311886374377,0.8520822736578206,0.020648914979617072
0.27776514232382443,0.24699533880516047,0.030769803518663957
0.8815034388164756,0.8585497902548951,0.022953648561580553
0.24194577916897497,0.21364344603885546,0.02830233313011951
0.8898155719368814,0.8645082087252299,0.0253073632116515
0.20575659972431157,0.17999587333394565,0.025760726390365918
0.897657385866715,0.8699591764459205,0.027698209420794484
0.16925361815261294,0.1461006858445066,0.023152932308106333
0.905018893441608,0.8749085583255486,0.030110335116059428
0.13249347768465042,0.11200557158167225,0.020487906102978168
0.9118903379575612,0.87936637015673,0.03252396780083122
0.09553341140684989,0.07775786392261087,0.017775547484239013
0.9182622095524423,0.8833464543408667,0.03491575521157564
0.05843121397924926,0.0434045889375932,0.015026625041656062
0.9241252625897559,0.8868658681115522,0.0372593944782037
0.02124522633358157,0.008992539839755098,0.012252686493826473
0.9294705341350695,0.8899439724637928,0.03952656167127677
-0.01596566456633013,-0.02543161982789623,0.0094659552615661
0.9342893635664319,0.8926012288196987,0.04168813474673316
-0.05314200888517448,-0.05982121748738252,0.006679208602208039
0.938573413292481,0.8948577388081368,0.043715674484344214
-0.09022375817634397,-0.09412939041881133,0.003905632242467358
0.9423146904477055,0.8967315897687013,0.045583100679004285
-0.12715020926789217,-0.12830884991275157,0.0011586406448594044
0.9455055693011819,0.8982371026443162,0.04726846665686568
-0.16385992682611833,-0.16231157964904777,0.0015483471770705581
0.9481388139343655,0.899383106946927,0.048755706987438474
-0.2002906443604378,-0.19608845451350657,0.004202189846931242
0.9502076005241678,0.9001713963944467,0.050036204129721096
-0.23637914433292373,-0.22958877241582323,0.006790371917100496
0.9517055382912901,0.9005955336059907,0.05111000468529947
-0.2720611190955095,-0.26275969537417143,0.009301423721338076
0.9526266878524166,0.900640179461094,0.05198650839132257
-0.30727101555114994,-0.29554561083712294,0.011725404714026999
0.9529655753317304,0.9002811062409031,0.05268446909082736
-0.3419418676325075,-0.3278874362459956,0.014054431386511912
0.9527172001585894,0.8994860215142456,0.05323117864434379
-0.3760051217942897,-0.3597219124655661,0.01628320932872357
0.9518770339907492,0.8982162670096585,0.05366076698109068
-0.4093904615519623,-0.39098094822033874,0.01840951333162355
0.9504410076791264,0.8964293760989354,0.054011631580191066
-0.442025637467624,-0.4215911003220349,0.020434537145589127
0.9484054826229075,0.8940823647356974,0.054323117887210115
-0.473836308633379,-0.4514732830559928,0.022363025577386175
0.9457672022855699,0.8911355147618373,0.0546316875237326
-0.5047459003711894,-0.48054280642123504,0.024203093949954346
0.9425232190545136,0.8875562828542097,0.054966936200303906
-0.5346754802784169,-0.5087098244732992,0.025965655805117782
0.938670791077503,0.883322864658869,0.05534792641863395
-0.563543650665207,-0.5358802458232685,0.02766340484193841
0.9342072432155625,0.87842686704718,0.055780376168382495
-0.5912664496783326,-0.5619570969537347,0.029309352724597892
0.9291297858866796,0.8728745315784006,0.056255254308279046
-0.6177572459569622,-0.5868422564170676,0.03091498953989469
0.9234352853819979,0.8666860152678818,0.056749270114116124
-0.6429266026750979,-0.610438378537877,0.03248822413722097
0.9171199793253156,0.8598924069505889,0.057227572374726754
-0.6666820767466591,-0.6326507319114908,0.03403134483516834
0.9101791314006227,0.852530428765463,0.05764870263515964
-0.68892790860232,-0.6533885840517674,0.03553932455055264
0.9026066204467306,0.8446351536342175,0.057971466812513084
-0.7095645485534243,-0.6725657151678676,0.03699883338555676
0.8943944606360505,0.8362315085532183,0.05816295208283229
-0.7284879590774407,-0.6900996402404399,0.03838831883700078
0.8855322519065066,0.8273257897033269,0.05820646220317971
-0.7455886306656168,-0.7059092113641561,0.03967941930146068
0.8760065632294151,0.817898772486193,0.05810779074322203
-0.7607502548734505,-0.7199104526002648,0.04083980227318573
0.8658002558286739,0.8079021594595603,0.05789809636911358
-0.7738480149325884,-0.7320107863637249,0.041837228568863516
0.8548917591381023,0.7972599117786072,0.057631847359495114
-0.7847464847074697,-0.7421022007914482,0.042644283916021486
0.8432543190569441,0.7858753631795171,0.05737895587742703
-0.7932971734467172,-0.7500543782918744,0.04324279515484286
0.8308552456472932,0.7736438383309141,0.05721140731637908
-0.799335818065566,-0.7557092458068699,0.04362657225869604
0.8176551953654614,0.7604688952789861,0.057186300086475295
-0.8026796060977308,-0.7588787375168402,0.043800868580890606
0.8036075304691576,0.7462785299967143,0.05732900047244327
-0.8031246077063928,-0.7593475693670644,0.043777038339328445
0.7886578045565927,0.7310362791281771,0.05762152542841559
-0.8004437976295573,-0.7568823368887352,0.04356146074082212
0.7727434274018484,0.7147418535709116,0.05800157383093685
-0.7943861473889529,-0.7512469633978612,0.04313918399109162
0.7557935640210928,0.6974175943953561,0.05837596962573666
-0.7846773511230232,-0.7422222682013553,0.042455082921667886
0.7377293227517506,0.6790811726389208,0.05864815011282987
-0.7710227995917028,-0.7296240733327779,0.041398726258924934
0.718464287032954,0.6597113388535415,0.058752948179412456
-0.7531134204263349,-0.7133102727668287,0.03980314765950621
0.6979054485932773,0.6392204758026784,0.05868497279059892
-0.7306349432250059,-0.693163952844148,0.03747099038085788
0.6759546088352419,0.6174519639004191,0.05850264493482282
-0.7032810101182945,-0.6690400844659988,0.03424092565229564
0.6525103298356126,0.5942174279946661,0.05829290184094649
-0.6707703173838776,-0.6406725219865432,0.03009779539733437
0.6274705286772181,0.5693749913299787,0.05809553734723938
-0.6328676176643987,-0.6075620169731174,0.025305600691281294
0.6007358009199613,0.5429243487697433,0.05781145215021799
-0.5894079102935319,-0.5689062479258027,0.020501662367729212
0.5722135081361295,0.5150646011658074,0.057148906970322044
-0.5403224924848408,-0.5236765057214539,0.01664598676338691
0.541822559321414,0.4861427828094378,0.0556797765119762
-0.48566478501838817,-0.4709518980408201,0.014712886977568063
0.5094986832480783,0.45644127210897534,0.053057411139103006
-0.4256331251706286,-0.4105226192757199,0.015110505894908699
0.47519990722544087,0.4258400597377264,0.04935984748771449
-0.36058727744362135,-0.34351983408929854,0.01706744335432281
0.43891202098922005,0.3935510675571911,0.04536095343202895
-0.29105551370561505,-0.2725162993249128,0.018539214380702274
0.40065399920672123,0.3582756325685973,0.04237836663812394
-0.21772989277987792,-0.2005389013088807,0.01719099147099723
0.3604834302354873,0.3190534567274323,0.041429973508054996
-0.1414486804620896,-0.12921173738785455,0.012236943074235063
0.3185015897560823,0.27649662600753794,0.042004963748544344
-0.06316629699811216,-0.05757156716712901,0.00559472983098315
0.2748570560933301,0.23326288410369897,0.04159417198963114
0.01608756056518566,0.01671004185818976,0.0006224812930041013
0.22974682953387215,0.1926543210911502,0.037092508442721966
0.09525669164439524,0.0944601967769679,0.0007964948674273331
0.1834155368977882,0.15607726998195592,0.02733826691583227
0.1733102423879014,0.17397866422243635,0.0006684218345349435
0.13615415933497907,0.12197932366254685,0.014174835672432218
