True_v,Predicted_v,Absolute_Error_v
-0.34751850676434365,-0.2987517745838107,0.04876673218053296
-0.8619374757871515,-0.8858687687526545,0.023931292965503004
-0.31388096882532884,-0.26784362243079507,0.046037346394533774
-0.867366874469552,-0.8861445899245771,0.018777715455025157
-0.2804303210191629,-0.24034960723588253,0.04008071378328035
-0.8711657160713866,-0.896945072974866,0.025779356903479433
-0.24797515009683654,-0.2118698317819849,0.03610531831485164
-0.8733534224481545,-0.8910943815051321,0.01774095905697759
-0.21716791204131142,-0.18194197630497466,0.035225935736336755
-0.8739938312070952,-0.8659518653658181,0.008041965841277032
-0.18847458569793313,-0.15616326381281823,0.0323113218851149
-0.8731958722714448,-0.8430128758946472,0.030182996376797555
-0.1621646714347092,-0.13824415694496844,0.023920514489740752
-0.8711105690547474,-0.8387558079371754,0.03235476111757196
-0.13832005195495747,-0.12528099513446117,0.013039056820496303
-0.8679258239413682,-0.8492170942280937,0.01870872971327453
-0.11685860173849599,-0.11115981680205683,0.005698784936439161
-0.8638597646393732,-0.8594532399807779,0.004406524658595257
-0.09756651102845629,-0.09217144508258317,0.00539506594587312
-0.8591525842321533,-0.8590940106071313,5.857362502204033e-05
-0.08013368730887666,-0.06916256314166119,0.010971124167215462
-0.8540570296417358,-0.8482225146896967,0.005834514952039127
-0.06418824255583903,-0.045861031576217605,0.01832721097962143
-0.8488282314072224,-0.833364903361953,0.015463328045269398
-0.04932762522142634,-0.025974288207607686,0.023353337013818656
-0.8437137655937315,-0.8209321571484642,0.02278160844526722
-0.035145010559471154,-0.011263778676343242,0.023881231883127914
-0.8389446835911224,-0.8135588048383311,0.025385878752791302
-0.021250288258241084,-0.0012120672965632668,0.020038220961677816
-0.8347279703352957,-0.8102163469857794,0.024511623349516287
-0.007285567360404563,0.0062146285682545,0.013500195928659062
-0.8312406621960259,-0.8083052022304758,0.02293545996555013
0.0070644099940197205,0.01348700677233835,0.00642259677831863
-0.8286257118464191,-0.8057118366213702,0.02291387522504884
0.022066234542587798,0.022666771309862634,0.0006005367672748362
-0.8269895983227847,-0.8018021283244706,0.025187469998314116
0.0379353199539854,0.03499606779779637,0.0029392521561890303
-0.8264016092402542,-0.7973242908013257,0.029077318438928468
0.054836068102560566,0.05087243699789836,0.003963631104662205
-0.8268946526338251,-0.7937073531317936,0.033187299502031475
0.07288396262125975,0.07005317829898089,0.0028307843222788592
-0.8284673911141217,-0.792286917441957,0.036180473672164704
0.0921489837372532,0.09193416144419096,0.00021482229306224454
-0.831087440720944,-0.793791932933115,0.037295507787828974
0.11265987494016258,0.1157984591820967,0.0031385842419341253
-0.8346953486770782,-0.7981906836278029,0.0365046650492753
0.1344089072054125,0.14098716032904485,0.0065782531236323605
-0.839209060201055,-0.8048291307752449,0.03437992942581014
0.15735687451599778,0.16698682658086972,0.009629952064871938
-0.8445286019058572,-0.8127248445667021,0.03180375733915508
0.1814381188707416,0.19345102161231056,0.012012902741568965
-0.8505407425337541,-0.8208823251048927,0.02965841742886144
0.20656543008753428,0.22018051345829218,0.013615083370757897
-0.8571234346449844,-0.8285367219740734,0.028586712670911063
0.23263470153099933,0.24708461244607444,0.01444991091507511
-0.8641498876577343,-0.8352832768259956,0.028866610831738693
0.2595292518296613,0.2741396943073716,0.014610442477710317
-0.8714921688704975,-0.8410922444129113,0.030399924457586214
0.28712374752027225,0.3013541492792033,0.014230401758931033
-0.879024271596957,-0.8462358630250686,0.03278840857188836
0.3152876837666044,0.3287433397592106,0.01345565599260623
-0.8866246264093082,-0.8511654814504229,0.03545914495888525
0.3438884003969485,0.35631451180450113,0.01242611140755262
-0.8941780617376949,-0.8563762143863727,0.03780184735132219
0.37279362844811564,0.3840596110336654,0.011265982585549783
-0.9015772435181995,-0.8622885606560675,0.03928868286213194
0.4018735779819314,0.4119534031636244,0.01007982518169298
-0.9087236404711052,-0.8691651341964689,0.03955850627463631
0.43100259085484305,0.4399544653033075,0.008951874448464459
-0.9155280725517569,-0.8770696276137271,0.038458444938029857
0.4600603922141674,0.468007281891545,0.007946889677377611
-0.9219109059121955,-0.8858659693908387,0.03604493652135676
0.4889329817001205,0.4960443394634045,0.007111357763283976
-0.9278019592427956,-0.8952495914247597,0.03255236781803594
0.517513209784078,0.5239877752769305,0.006474565492852524
-0.9331401845028465,-0.9047995457283855,0.028340638774461024
0.5457010865928541,0.5517505305612951,0.006049443968440982
-0.9378731806795872,-0.9140397681788739,0.023833412500713358
0.573403870319315,0.5792372482006064,0.005833377881291457
-0.9419565931101131,-0.9224990923785937,0.019457500731519417
0.6005359802856758,0.6063452002429529,0.005809219957277123
-0.9453534437769475,-0.9297621910994298,0.015591252677517708
0.6270187763513776,0.6329655348929977,0.0059467585416200786
-0.9480334304196861,-0.9355065205448018,0.012526909874884362
0.6527802420412813,0.6589849961179244,0.006204754076643115
-0.9499722247848116,-0.9395232808814,0.010448943903411556
0.6777546039109013,0.6842881765645128,0.006533572653611541
-0.9511507932112984,-0.9417227837730048,0.009428009438293583
0.7018819145788536,0.7087602129373639,0.006878298358510282
-0.9515547562918945,-0.9421264664424092,0.009428289849485294
0.7251076218296789,0.7322897722686194,0.007182150438940438
-0.9511737987054457,-0.9408488375695305,0.01032496113591519
0.7473821414173651,0.7547720933547344,0.0073899519373692435
-0.9500011355757187,-0.9380731383182495,0.011927997257469292
0.7686604468444058,0.7761118599550976,0.007451413110691751
-0.9480330378754471,-0.9340243662543175,0.01400867162112962
0.7889016855342114,0.7962256724005944,0.007323986866383025
-0.9452684164328768,-0.9289428775656275,0.0163255388672493
0.8080688275167172,0.8150439531706837,0.0069751256539665185
-0.9417084619236447,-0.9230610232196151,0.018647438704029518
0.826128350005452,0.8325121550046704,0.006383804999218312
-0.9373563367551986,-0.9165845007057707,0.020771836049427894
0.8430499590513622,0.8485912289565164,0.005541269905154245
-0.9322169138523565,-0.9096792595196463,0.022537654332710155
0.858806347762513,0.8632573490680012,0.004451001305488256
-0.9262965569283289,-0.9024641283457353,0.0238324285825936
0.8733729893363104,0.8765009677107233,0.003127978374412921
-0.9196029367576792,-0.8950087301121092,0.024594206645569994
0.8867279622905396,0.8883252966303397,0.0015973343398000273
-0.912144878167535,-0.8873358887595897,0.024808989407945292
0.8988518047477708,0.8987443586658965,0.00010744608187429616
-0.903932232836893,-0.8794274643213482,0.024504768515544728
0.9097273943532181,0.9077807494615764,0.0019466448916417578
-0.894975773478959,-0.8712325016647451,0.023743271814213873
0.9193398503405016,0.9154632698651535,0.0038765804753481126
-0.8852871055136762,-0.8626765821630746,0.02261052335060154
0.9276764543426099,0.92182456135617,0.005851892986439955
-0.8748785928826512,-0.8536714229377271,0.02120716994492411
0.9347265867405061,0.9268988776656847,0.007827709074821443
-0.8637632951785527,-0.8441239186245921,0.01963937655396053
0.9404816756036273,0.9307200845821539,0.009761591021473337
-0.8519549137436213,-0.83394405625667,0.018010857486951304
0.9449351555826971,0.9333199710866635,0.011615184496033604
-0.8394677448186921,-0.823051314704597,0.016416430114095104
0.9480824344342262,0.9347269112773867,0.013355523156839522
-0.8263166381973941,-0.8113793797082621,0.014937258489131966
0.9499208651774607,0.9349649073786571,0.014955957798803543
-0.8125169601532389,-0.7988791434104312,0.013637816742807729
0.9504497221883674,0.9340530054358132,0.016396716752554275
-0.7980845596701313,-0.785520111540151,0.012564448129980255
0.9496701798199217,0.9320050716208899,0.017665108199031887
-0.7830357372181503,-0.7712904086216421,0.011745328596508231
0.9475852923916442,0.9288298870911886,0.018755405300455608
-0.7673872154889106,-0.7561956516969391,0.011191563791971504
0.9441999746182307,0.9245315232976823,0.019668451320548397
-0.7511561116387048,-0.7402569649504817,0.010899146688223116
0.9395209817404012,0.9191099388395578,0.02041104290084339
-0.7343599106951942,-0.7235084292714907,0.010851481423703513
0.9335568887881509,0.9125617499700391,0.02099513881811177
-0.7170164398644903,-0.7059942187715118,0.011022221092978457
0.9263180685433331,0.9048811136552632,0.021436954888069848
-0.6991438435406271,-0.6877656637055998,0.011378179835027313
0.91781666788355,0.8960606781083553,0.021755989775194662
-0.68076055886729,-0.6688784172474949,0.011882141619795172
0.9080665822799162,0.8860925476547666,0.021974034625149574
-0.6618852917409521,-0.6493898789174867,0.012495412823465446
0.8970834282958066,0.8749692274044872,0.022114200891319324
-0.6425369931727851,-0.6293569641747115,0.013180028998073579
0.8848845139899949,0.8626845078327797,0.02220000615721518
-0.6227348359508378,-0.6088342880688299,0.013900547882007896
0.8714888071733459,0.8492342684715731,0.02225453870177274
-0.60249819156087,-0.5878727772487938,0.014625414312076201
0.8569169015009123,0.8346171753211484,0.022299726179763835
-0.5818466073396225,-0.5665187135056085,0.015327893834014006
0.8411909804080921,0.8188352646605683,0.02235571574752382
-0.5607997838445635,-0.5448131722031356,0.015986611641427895
0.8243347789172687,0.8018944008889233,0.02244037802834542
-0.539377552434295,-0.5227918198976981,0.016585732536596898
0.8063735433565058,0.7838046122247193,0.022568931131786485
-0.5175998530600321,-0.500485008764389,0.01711484429564314
0.7873339890409974,0.7645803019663717,0.02275368707462566
-0.49548671227531743,-0.47791811652374566,0.01756859575157177
0.7672442559765998,0.7442403470576655,0.023003908918934335
-0.47305822147466425,-0.4551120640047896,0.017946157469874657
0.7461338626492777,0.7228080883391366,0.023325774310141156
-0.45033451537625496,-0.4320839603114936,0.018250555064761365
0.7240336579697189,0.7003112288397857,0.023722429129933165
-0.4273357507654598,-0.4088478154653427,0.01848793530011711
0.7009757714447185,0.6767816480273937,0.024194123417324742
-0.4040820855186702,-0.3854152815802187,0.018666803938451493
0.6769935616509013,0.6522551501312825,0.024738411519618753
-0.38059365792723804,-0.36179637676132037,0.018797281165917668
0.6521215630879557,0.6267711554412291,0.02535040764672658
-0.3568905663428058,-0.3380001677221066,0.01889039862069919
0.6263954314919538,0.6003723523087989,0.02602307918315483
-0.33299284916466626,-0.3140353811293325,0.01895746803533377
0.5998518876907619,0.5731043179285633,0.02674756976219861
-0.3089204651904227,-0.28991093429836756,0.01900953089205515
0.5725286600867436,0.5450151238082859,0.027513536278457762
-0.284693274349939,-0.2656363693131857,0.019056905036753335
0.5444644258533574,0.5161549320884627,0.028309493764894667
-0.26033101884266097,-0.24122219313849438,0.019108825704166582
0.5156987509353579,0.48657559603850176,0.02912315489685613
-0.2358533046966932,-0.2166801184979994,0.019173186198693792
0.4862720289435767,0.45633026846307795,0.029941760480498736
-0.2112795837678194,-0.19202321638790393,0.019256367379915484
0.4562254190381955,0.42547302853405194,0.03075239050414358
-0.18662913619474972,-0.16726598193933218,0.019363154255417542
0.4256007828955091,0.39405852830612853,0.03154225458938059
-0.16192105332652654,-0.1424243291738849,0.019496724152641642
0.3944406208557803,0.36214166674682063,0.032298954108959665
-0.13717422113605043,-0.11751551990042976,0.019658701235620676
0.3627880073505723,0.32977729032064695,0.03301071702992536
-0.11240730413331951,-0.09255804393881678,0.019849260194502727
0.33068652571016777,0.2970199256453524,0.033666600064815366
-0.08763872979001348,-0.06757145677931083,0.020067273010702658
0.2981802024520674,0.2639235414602907,0.03425666099177671
-0.06288667348671081,-0.042576191295175723,0.02031048219153509
0.2653134411533129,0.2305413435954356,0.0347720975578773
-0.03816904399217288,-0.0175933486563838,0.02057569533578908
0.23213095600937408,0.1969255988680814,0.03520535714129269
-0.013503469483801121,0.0073555168847316155,0.020858986368532735
0.1986777051835975,0.16312749027372503,0.03555021490987248
0.011092715883336357,0.03224861617243654,0.02115590028910018
0.1649988240507444,0.12919699856017972,0.03580182549056468
0.035602484851807434,0.05706413422594283,0.021461649374135396
0.13113955843899447,0.09518281169447683,0.03595674674451764
0.060009129375933355,0.08178042942134517,0.021771300045411814
0.09714519797386106,0.061132256887361,0.036012941086500064
0.08429627236944714,0.10637621343149661,0.02207994106204947
0.06306100962787299,0.027091256217346347,0.03596975341052665
0.10844787888290872,0.13083071342173588,0.022382834538827168
0.02893217157856296,-0.006895699573458578,0.03582787115202154
0.13244826670729382,0.15512380961381353,0.022675542906519713
-0.005196292522683317,-0.0407855582482048,0.035589265725521485
0.15628211640158016,0.17923615165851853,0.02295403525693837
-0.03927957877005734,-0.07453669948995062,0.03525712071989328
0.17993448074230756,0.2031492489363232,0.023214768194015634
-0.07327316761054595,-0.10810891367599765,0.0348357460654517
0.2033907935944618,0.22684553967019805,0.02345474607573625
-0.10713288774042438,-0.14146337100001327,0.03433048325958889
0.22663687820314615,0.2503084354484363,0.02367155724529013
-0.14081497919326094,-0.1745625799144895,0.033747600721228566
0.24965895490682863,0.2735223469797063,0.02386339207287766
-0.17427615552393108,-0.20737033951580722,0.033094183991876136
0.2724436482730544,0.2964726886366441,0.024029040363589715
-0.20747366499419292,-0.23985168465331977,0.032378019659126844
0.2949779936588137,0.319145868088256,0.024167874429442293
-0.24036535066792808,-0.2719728280014242,0.031607477333496115
0.31724944319783543,0.3415292590969256,0.024279815899090174
-0.2729097093254739,-0.3037010976806408,0.03079138835516687
0.33924587121833616,0.36361116387971754,0.024365292661381377
-0.3050659491092864,-0.33500487430874004,0.029938925199453625
0.36095557909487225,0.3853807632956304,0.024425184200758177
-0.3367940458147834,-0.3658535259023212,0.02905948008753778
0.38236729953909354,0.40682806107983077,0.02446076154073723
-0.36805479774322836,-0.39621734419398585,0.028162546450757497
0.4034702003343936,0.4279438203346171,0.02447362000022346
-0.3988098790354095,-0.4260674806599871,0.027257601624577632
0.42425388752050835,0.4487194981481297,0.02446561062762137
-0.42902189140808555,-0.45537588556889125,0.026353994160805694
0.4447084080343061,0.4691471763530066,0.02443876831870051
-0.4586544142173132,-0.48411524826427926,0.025460834046966085
0.4648242518140772,0.4892194938534192,0.024395242039341958
-0.48767205277617887,-0.5122589417829118,0.024586889006732893
0.48459235337472506,0.5089295782670572,0.024337224892332143
-0.5160404848568391,-0.5397809699875182,0.023740485130679168
0.5040040928623563,0.5282709818358757,0.024266888973519474
-0.5437265053103781,-0.5666559201499813,0.0229294148396032
0.5230512965967999,0.5472376190782282,0.02418632248142827
-0.5706980687405543,-0.5928589191533664,0.022160850412812128
0.5417262371116232,0.56582371067633,0.024097473564706817
-0.5969243301713261,-0.6183655961153495,0.021441265944023402
0.5600216327012395,0.5840237308077288,0.024002098106489345
-0.6223756836507927,-0.6431520496133736,0.020776365962580923
0.5779306464856746,0.6018323620099896,0.02390171552431497
-0.6470237987381497,-0.6671948221906957,0.020171023452545955
0.595446885003528,0.6192444545587443,0.02379756955521628
-0.6708416548232078,-0.6904708803363018,0.019629225513093984
0.6125643963446227,0.6362549940885399,0.02369059774391724
-0.6938035732321264,-0.7129576025037743,0.019154029271647888
0.6292776678337175,0.6528590742635243,0.023581406429806773
-0.7158852470761208,-0.734632773360929,0.018747526284808247
0.6455816232775842,0.6690518779175758,0.02347025463999164
-0.7370637688041292,-0.7554745867109323,0.0184108179068031
0.6614716197875657,0.6848286633412419,0.023357043553676182
-0.7573176554236831,-0.7754616552566524,0.018143999832969326
0.6769434441906041,0.7001847588754104,0.02324131468480628
-0.7766268713585921,-0.7945730295065986,0.017946158148006486
0.6919933090415137,0.7151155623986538,0.023122253357140132
-0.7949728489153671,-0.8127882239440587,0.01781537502869157
0.7066178482500265,0.7296165486460693,0.022998700396042793
-0.8123385063348285,-0.8300872525921744,0.017748746257345904
0.7208141123359404,0.7436832808850833,0.022869168549142893
-0.8287082634087513,-0.8464506720131637,0.017742408604412452
0.7345795633263421,0.7573114297022877,0.022731866375945597
-0.8440680546459755,-0.8618596336790207,0.01779157903304529
0.7479120693086532,0.7704967953814075,0.022584726072754302
-0.8584053399759215,-0.8762959436367125,0.017890603660790982
0.760809898653832,0.7832353364680612,0.022425437814229232
-0.8717091129820786,-0.889742131180218,0.018033018198139406
0.773271713923752,0.795523200974254,0.02225148705050195
-0.8839699066615972,-0.9021815243052044,0.018211617643607125
0.785296565477353,0.8073567626743376,0.0220601971969846
-0.8951797967118115,-0.9135983334038366,0.01841853669202509
0.796883884789789,0.8187326589372818,0.021848774147492755
-0.9053324023481181,-0.9239777408085933,0.018645338460475225
0.8080334774992866,0.8296478324138546,0.02161435491456809
-0.9144228846623083,-0.9333059973624427,0.01888311270013443
0.8187455161960411,0.8400995730261731,0.02135405683013203
-0.9224479425341666,-0.9415705234338444,0.019122580899677777
0.8290205329679188,0.8500855624665049,0.02106502949858613
-0.9294058061137492,-0.9487600152737345,0.019354209159985314
0.8388594117172852,0.8596039176584562,0.020744505941171054
-0.9352962278954938,-0.9548645539225781,0.01956832602708425
0.848263380263673,0.8686532353015572,0.020389855037884264
-0.9401204714099525,-0.9598757172877529,0.01975524587780042
0.8572340022465544,0.8772326339708735,0.019998631724319038
-0.9438812975625843,-0.9637866924009438,0.019905394838359514
0.8657731688427839,0.8853417958236903,0.019568626980906445
-0.946582948653725,-0.9665923882030275,0.020009439549302455
0.8738830903128315,0.8929810044270663,0.019097914114234782
-0.9482311301174539,-0.9682895456930665,0.02005841557561261
0.8815662873901651,0.9001511807116,0.01858489332143498
-0.948832990021666,-0.9688768455559101,0.020043855534244148
0.8888255825276997,0.9068539136363198,0.01802833110862012
-0.9483970963753138,-0.9683550099593544,0.019957913584040643
0.8956640910154049,0.9130914875483072,0.017427396532902262
-0.9469334122932007,-0.9667268984593672,0.019793486166166496
0.902085211982698,0.9188669029216114,0.016781690938913463
-0.9444532690723872,-0.9639975946252092,0.01954432555282193
0.9080926192994356,0.924183892477837,0.016091273178401422
-0.9409693372385884,-0.9601744832141987,0.019205145975610294
0.9136902523887885,0.929046929501037,0.015356677112248418
-0.9364955956245179,-0.9552673145090369,0.018771718884519006
0.9188823069654587,0.9334612304092117,0.014578923443753
-0.9310472985463943,-0.9492882556387222,0.01824095709232787
0.9236732257121738,0.9374327485564014,0.013759522844227545
-0.9246409411482981,-0.9422519256021372,0.01761098445383913
0.9280676889075343,0.9409681614347654,0.012900472527231033
-0.9172942229882027,-0.9341754139161963,0.01688119092799356
0.9320706050177384,0.9440748484485458,0.012004243430807415
-0.9090260099428897,-0.9250782798455793,0.016052269902689598
0.9356871012648614,0.9467608615749932,0.011073760310131742
-0.8998562945129452,-0.9149825323668852,0.015126237853939961
0.9389225141837885,0.9490348863282575,0.010112372144469028
-0.8898061546122934,-0.9039125882004844,0.01410643358819097
0.9417823801800284,0.9509061955299127,0.009123815349884379
-0.878897710930572,-0.8918952084478612,0.01299749751728918
0.9442724261000704,0.9523845935800009,0.008112167479930488
-0.8671540829597493,-0.8789594116866386,0.01180532872688933
0.9463985598260347,0.9534803539632591,0.007081794137224429
-0.8545993437800552,-0.8651363646017712,0.010537020821716037
0.9481668609057907,0.9542041479996716,0.00603728709388085
-0.8412584737032202,-0.850459248674654,0.00920077497143379
0.9495835712298054,0.954566967842795,0.004983396612989632
-0.8271573128744854,-0.8349631046887749,0.007805791814289531
0.9506550857653677,0.9545800420748848,0.003924956309517058
-0.8123225129375762,-0.8186846543879821,0.006362141450405923
0.9513879433588986,0.9542547472017485,0.0028668038428498743
-0.7967814878700261,-0.8016621018455035,0.004880613975477344
0.9517888176164392,0.953602513761908,0.0018136961454687794
-0.7805623640987637,-0.783934914798148,0.003372550699384358
0.9518645078723935,0.9526347306609723,0.0007702227885787449
-0.7636939300087706,-0.7655435894026421,0.0018496593938714945
0.9516219302560085,0.9513626468253755,0.00025928343063297277
-0.7462055849598712,-0.7465293996315219,0.00032381467165065736
0.9510681088649788,0.949797274093211,0.0012708347717678148
-0.7281272879292736,-0.7269341356985578,0.0011931522307158104
0.95021016705493,0.9479492907946677,0.002260876260262279
-0.7094895058994047,-0.7067998336954017,0.0026896722040030685
0.9490553188534094,0.9458289502367602,0.0032263686166492667
-0.6903231621127508,-0.6861685017013021,0.004154660411448741
0.9476108605063152,0.9434459938508308,0.004164866655484323
-0.6706595843169432,-0.6650818454189525,0.005577738897990625
0.9458841621645159,0.9408095734567369,0.005074588707778993
-0.6505304531250397,-0.6435809993376939,0.006949453787345794
0.9438826597176702,0.9379281826336214,0.005954477084048726
-0.6299677506169827,-0.621706267140239,0.008261483476743714
0.9416138467820131,0.9348096017821029,0.0068042449999101695
-0.609003709309427,-0.5994968778366908,0.009506831472736232
0.9390852668480802,0.931460856970001,0.007624409878079219
-0.5876707616215464,-0.5769907617034444,0.010679999918101979
0.9363045055940652,0.9278881971171915,0.00841630847687369
-0.5660014899650218,-0.554224352617227,0.01177713734779473
0.9332791833696481,0.9240970895171284,0.009182093852519668
-0.5440285775861557,-0.5312324207969057,0.012796156789250057
0.9300169478548398,0.9200922379989219,0.009924709855917868
-0.5217847602878705,-0.5080479421651162,0.01373681812275429
0.9265254668975053,0.9158776233627778,0.010647843534727475
-0.49930277915834054,-0.4847020077433344,0.014600771415006153
0.9228124215329442,0.9114565698308714,0.011355851702072761
-0.47661533443191606,-0.4612237783493194,0.01539155608259668
0.918885499188022,0.9068318364491605,0.012053662738861437
-0.4537550406060689,-0.43764048678632367,0.016114553819745248
0.9147523870721134,0.9020057362431255,0.012746650828987849
-0.4307543829360431,-0.4139774912218342,0.01677689171420893
0.9104207657563029,0.8969802809492208,0.013440484807082154
-0.40764567542592,-0.39025838007848224,0.01738729534743777
0.9058983029421169,0.8917573527503165,0.014140950191800394
-0.38446102043167263,-0.3665051299175809,0.017955890514091744
0.901192647420398,0.8863388992768333,0.01485374814356466
-0.36123226998774427,-0.3427383141561015,0.01849395583164276
0.8963114232208745,0.8807271514750782,0.015584271745796352
-0.3379909889644155,-0.31897736130728027,0.019013627657135213
0.8912622239524887,0.874924858590271,0.016337365362217637
-0.31476842015806816,-0.2952408575842014,0.019527562573866786
0.8860526073346697,0.8689355376304961,0.017117069704173593
-0.29159545141114074,-0.2715468893421323,0.020048562069008458
0.8806900899194763,0.8627637291931963,0.017926360726279955
-0.26850258485241446,-0.24791341688190333,0.020589167970511135
0.8751821420048121,0.8564152545033408,0.018766887501471374
-0.24551990834204887,-0.22435867168097864,0.021161236661070226
0.8695361827389033,0.8498974630217597,0.019638719717143593
-0.22267706919891095,-0.20090156523302571,0.021775503965885235
0.8637595754166776,0.8432194629428282,0.020540112473849348
-0.20000325028098584,-0.17756209830489764,0.022441151976088203
0.8578596229688253,0.8363923215891841,0.021467301379641257
-0.1775271484824787,-0.1543617557982803,0.0231653926841984
0.8518435636448842,0.829429225898412,0.02241433774647228
-0.15527695570450278,-0.13132387334979115,0.023953082354711636
0.8457185668918933,0.8223455883204362,0.023372978571457037
-0.13328034234939182,-0.10847395868371135,0.02480638366568047
0.8394917294306855,0.8151590871750976,0.024332642255587955
-0.11156444338268147,-0.08583995226968698,0.02572449111299449
0.8331700715319873,0.8078896264195692,0.025280445112418115
-0.09015584700110696,-0.06345240950339323,0.026703437497713728
0.8267605334948088,0.8005592044263209,0.026201329068487933
-0.06908058594042686,-0.04134458905121066,0.0277359968892162
0.8202699723293587,0.7931916784643349,0.027078293865023806
-0.048364131453049033,-0.01955243078680007,0.028811700666248965
0.813705158646647,0.785812417557246,0.027892741089401096
-0.02803138998302135,0.0018855896098060106,0.02991697959282736
0.8070727737561479,0.7784478351069187,0.028624938649229215
-0.00810670256439915,0.022928742071985052,0.0310354446363842
0.8003794069722138,0.7711248004063019,0.029254606565911834
0.011386153031251288,0.04353446701245659,0.0321483139812053
0.7936315531285222,0.7638699288520117,0.029761624276510523
0.03042395737204879,0.06365894898562822,0.033234991613579436
0.7868356102984617,0.7567087604715866,0.03012684982687508
0.048984041640490784,0.08325783725200231,0.034273795611511525
0.7799978777173803,0.7496648392459375,0.030333038471442753
0.0670442770777822,0.10228710707439996,0.035242829996617764
0.7731245539006998,0.7427587176024696,0.030365836298230198
0.08458306157005853,0.12070404601809116,0.036120984448032634
0.7662217349495641,0.7360069153342089,0.030214819615355215
0.10157930335124415,0.1384683428148652,0.03688903946362104
0.759295413033695,0.7294208757273298,0.029874537306365134
0.11801240180297637,0.15554324440797557,0.0375308426049992
0.7523514750389548,0.7230059677280625,0.02934550731089236
0.1338622253430316,0.17189673780747172,0.03803451246444012
0.7453957013656659,0.7167605968308698,0.02863510453479612
0.14910908641120252,0.18750269959512753,0.03839361318392501
0.7384337648625044,0.7106754926928657,0.027758272169638776
0.16373371358797517,0.20234194574956485,0.03860823216158968
0.7314712298807307,0.7047332530550606,0.02673797682567003
0.17771722091788714,0.21640310066737417,0.038685879749487034
0.7245135514339682,0.6989082247307457,0.025605326703222575
0.1910410745581898,0.22968319574812845,0.03864212118993865
0.7175660744508142,0.6931668074150541,0.02439926703576012
0.2036870569350374,0.2421878982144379,0.03850084127940048
0.7106340331103782,0.6874682578545167,0.023165775255861498
0.21563722866499205,0.25393126963140367,0.03829404096641162
0.7037225502552734,0.6817660641626055,0.02195648609266787
0.22687388858832627,0.2649349553387236,0.038061066750397304
0.6968366368817832,0.6760099355544722,0.020826701327311015
0.23737953236183718,0.27522672123295383,0.037847188871116655
0.689981191713345,0.6701484249790324,0.019832766734312668
0.24713681016988182,0.28483827823173874,0.037701468061856924
0.6831610008700193,0.6641321542099026,0.019028846660116727
0.2561284842305623,0.29380237807571846,0.03767389384515618
0.6763807376534439,0.6579175570777702,0.018463180575673643
0.26433738689521513,0.3021492216182106,0.037811834722995485
0.6696449624724048,0.6514709815392408,0.018173980933164025
0.27174638026034786,0.3099023014308492,0.03815592117050132
0.662958122938355,0.6447729117407248,0.01818521119763017
0.27833831832843603,0.3170738958037566,0.03873557747532058
0.6563245541612197,0.6378219758473759,0.01850257831384383
0.2840960128667353,0.32366054438128716,0.03956453151455186
0.6497484792731517,0.6306383157875672,0.019110163485584475
0.28900220422257844,0.32963894998274124,0.040636745760162796
0.6432340101996076,0.6232658066647505,0.019968203534857065
0.29303953846530933,0.3349628590584361,0.041923320593126756
0.6367851486830272,0.6157725560138566,0.02101259266917055
0.29619055234788627,0.3395615451827767,0.04337099283489043
0.6304057875432995,0.6082490909029026,0.022156696640396878
0.29843766772847613,0.3433405351468438,0.04490286741836769
0.624099712132237,0.6008036926005956,0.0232960195316414
0.29976319727737233,0.34618513543602764,0.04642193815865531
0.6178706019076691,0.5935544758728482,0.024316126034820917
0.30014936352799,0.34796711378523354,0.04781775025724355
0.6117220320209892,0.586618073677502,0.02510395834348722
0.29957833361252806,0.3485545355216804,0.04897620190915236
0.6056574747856558,0.580095183385422,0.025562291400233805
0.2980322723356738,0.3478242522666005,0.04979197993092671
0.5996803008824547,0.5740537780075877,0.025626522874866997
0.29549341653886235,0.3456759144508817,0.05018249791201934
0.5937937801701532,0.5685114513359291,0.0252823288342241
0.2919441739181108,0.3420457131722155,0.05010153925410471
0.5880010820181756,0.5634191081148217,0.024581973903353926
0.2873672494746159,0.3369174723557698,0.049550222881153905
0.5823052751671769,0.5586489129827815,0.023656362184395374
0.28174580247838665,0.3303283918091138,0.04858258933072712
0.5767093272524697,0.5539899401150631,0.02271938713740662
0.2750636360992275,0.32236687602591013,0.047303239926682616
0.571216104277211,0.5491551206498417,0.0220609836273693
0.2673054206443215,0.3131606570889252,0.04585523644460371
0.5658283704624364,0.5438026955247658,0.022025674937670603
0.2584569496636905,0.30285492214365073,0.044397972479960246
0.5605487889746442,0.5375742980262859,0.02297449094835835
0.24850542619004742,0.29158235034233604,0.043076924152288615
0.5553799239752899,0.5301500043448831,0.025229919630406772
0.23743977433003619,0.2794296174262534,0.0419898430962172
0.5503242441979627,0.5213183127405293,0.029005931457433354
0.22525096965810598,0.26640763212983626,0.041156662471730276
0.5453841278356749,0.511056291980109,0.03432783585556587
0.21193238071996492,0.2524349457189309,0.040502564998965956
0.5405618679995852,0.49961222469996985,0.04094964329961531
0.19748011370190302,0.23734472318648245,0.03986460948457943
0.5358596776013491,0.48757965650128327,0.04828002110006585
0.18189335317555883,0.2209245109013094,0.03903115772575058
0.5312796925246276,0.47594629700926644,0.05533339551536115
0.16517469412746774,0.20299366348251832,0.03781896935505058
0.526823972681633,0.46608968845426046,0.06073428422737248
0.14733046528906354,0.18351387216335008,0.03618340687428653
0.522494501983896,0.4596650669662702,0.06282943501762583
0.12837105444917815,0.1627090632410858,0.034338008791907654
0.518293189475445,0.4582710872040286,0.06002210227141641
0.10831127275393888,0.14112510987909807,0.03281383712515919
0.5142218713669269,0.462650400838057,0.0515714705288699
0.08717086400032978,0.1194237869838099,0.03225292298348012
0.5102822931050774,0.47092964843214974,0.039352644672927706
0.06497538371727835,0.09735929729131382,0.03238391357403547
0.5064759665302359,0.4753561630014369,0.03111980352879895
0.041756034730199024,0.07369048688461484,0.031934452154415816
0.5028041915678106,0.46744773500787345,0.03535645655993719
0.01754739882265297,0.049350347708212186,0.03180294888555922
0.49926869158804216,0.4550033395443782,0.04426535204366394
-0.007610018712028557,0.02433293911085167,0.03194295782288023
0.4958709867135965,0.4452258890227048,0.05064509769089165
-0.03366936326477945,-0.002172210807801661,0.03149715245697779
0.49261237863109597,0.4396755918255068,0.052936786805589164
-0.06057807678383074,-0.030727541480499335,0.029850535303331403
0.48949409650829234,0.4375839435003056,0.05191015300798674
-0.08827821260933366,-0.061433862879057055,0.026844349730276607
0.48651731467213694,0.4376037949722471,0.04891351969988983
-0.11670665126906642,-0.09400366076603543,0.022702990503030984
0.4836831482989198,0.43854506451797454,0.04513808378094525
-0.14579532709616766,-0.12791142507596062,0.017883902020207038
0.4809926498382353,0.43961023678730404,0.041382413050931266
-0.1754715038185036,-0.16254469083435802,0.01292681298414558
0.4784468080598931,0.4403970138331473,0.038049794226745814
-0.20565810923971017,-0.1973247072875301,0.008333401952180075
0.47604654832184135,0.4408056270518916,0.035240921269949765
-0.23627412777220966,-0.23178577805177533,0.004488349720434326
0.47379273295198865,0.44092206729289823,0.032870665659090414
-0.267235044778477,-0.26561357529416985,0.0016214694843071364
0.4716861613741603,0.4409129262922883,0.03077323508187202
-0.29845333457460554,-0.2986491662480172,0.00019583167341163943
0.4697275700582756,0.44094719840927143,0.028780371649004155
-0.3298389830089452,-0.33086849425614556,0.0010295112472003543
0.4679176325055525,0.44114842344050087,0.026769209065051647
-0.36130003511633607,-0.3623475567453928,0.0010475216290567468
0.4662569594337055,0.44157383184451343,0.024683127589192055
-0.3927431582339317,-0.3932223609328401,0.0004792026989083875
0.464746099229849,0.4422139656405167,0.022532133589332315
-0.4240742110905735,-0.42365064850251544,0.00042356258805809066
0.4633855386568683,0.44300544768718053,0.020380090969687792
-0.4551988097525794,-0.4537799862383985,0.0014188235141809336
0.4621757037507688,0.44385024046540184,0.01832546328536694
-0.4860228819268903,-0.48372456527271396,0.0022983166541763467
0.4611169608286387,0.444636173050775,0.01648078777786366
-0.5164532019673232,-0.5135512203256307,0.0029019816416925304
0.4602096175277716,0.4452551815789779,0.014954435948793698
-0.5463978999526379,-0.5432738782627479,0.003124021689890011
0.4594539238076727,0.4456172740300708,0.013836649777601906
-0.5757669393420625,-0.5728548735389578,0.0029120658031046576
0.4588500728611601,0.44565949368031094,0.013190579180849149
-0.6044725588940446,-0.6022112373426136,0.0022613215514309948
0.4583982018964259,0.44535006457565207,0.013048137320773812
-0.6324296756941142,-0.6312240718568776,0.0012056038372366684
0.4580983927663508,0.4446884561381417,0.013409936628209107
-0.6595562472260856,-0.6597493365535584,0.00019308932747275076
0.45795067243465953,0.44370237423381237,0.014248298200847165
-0.6857735914034302,-0.6876287072034085,0.001855115799978324
0.4579550132794392,0.44244273340282575,0.015512279876613466
-0.7110066643350239,-0.7146995345302047,0.0036928701951808307
0.4581113332435317,0.44097757757929823,0.017133755664233474
-0.7351842963271437,-0.7408032833845601,0.00561898705741648
0.45841949584740016,0.4393857436164654,0.019033752230934786
-0.7582393872253704,-0.7657921349976781,0.007552747772307633
0.4588793100841064,0.43775086578589567,0.021128444298210702
-0.7801090626875601,-0.7895336780274941,0.009424615339933995
0.45949053021739383,0.43615611928846176,0.02333441092893207
-0.8007347933647475,-0.811913787670341,0.011178994305593437
0.4602528555038101,0.43467993103370894,0.025572924470101177
-0.820062479265624,-0.8328379094708707,0.01277543020524663
0.46116592985785926,0.43339274216273505,0.027773187695124213
-0.8380425018032386,-0.852231026376581,0.01418852457334241
0.4622293414767113,0.4323548057612893,0.02987453571542198
-0.8546297461814081,-0.8700366132941291,0.01540686711272099
0.4634426224375686,0.43161492847956956,0.03182769395799906
-0.8697835968798747,-0.8862148751606874,0.0164312782808127
0.46480524827754616,0.4312100258145027,0.03359522246304347
-0.8834679090487366,-0.9007405405628993,0.017272631514162695
0.466316637562303,0.43116533749507546,0.03515130006722755
-0.8956509586280053,-0.9136004427439939,0.017949484115988623
0.4679761514467205,0.43149515011440187,0.03648100133231863
-0.9063053739721244,-0.9247910784354317,0.01848570446330733
0.46978309322788675,0.4322038792916119,0.037579213936274836
-0.9154080516848462,-0.9343162884259772,0.018908236741131068
0.4717367078885073,0.43328738310378867,0.03844932478471863
-0.9229400592616155,-0.9421851640851138,0.019245104823498282
0.47383618162676466,0.43473439449020146,0.039101787136563204
-0.9288865269979828,-0.9484102445343829,0.019523717536400143
0.47608064136755135,0.43652798466341275,0.0395526567041386
-0.9332365314589557,-0.9530060396633132,0.019769508204357522
0.4784691542489267,0.43864698605560887,0.03982216819331785
-0.9359829726198352,-0.9559878863098346,0.02000491368999935
0.48100072707759484,0.4410673253994541,0.039933401678140745
-0.9371224465900522,-0.957371127367401,0.02024868077734887
0.48367430574713727,0.4437632300338203,0.03991107571331698
-0.9366551156224174,-0.9571705870379346,0.020515471415517128
0.486488774613522,0.4467082877580262,0.039780486855495845
-0.9345845768970578,-0.9554003081609368,0.020815731263879034
0.4894429558231167,0.44987634795902115,0.03956660786409555
-0.9309177313562734,-0.9520735098375328,0.02115577848125938
0.4925356085898637,0.45324226405278445,0.03929334453707928
-0.9256646536589471,-0.9472027236525907,0.021538069993643605
0.4957654284193749,0.4567824801324181,0.03898294828695675
-0.9188384641239044,-0.9408000649404898,0.02196160081658549
0.49913104627937205,0.46047547307894293,0.038655573200429116
-0.9104552033449318,-0.932877600118118,0.02242239677318625
0.5026310277171417,0.46430206081202796,0.03832896690511378
-0.9005337099874718,-0.9234477724749228,0.02291406248745098
0.5062638719261936,0.46824559293441204,0.03801827899178156
-0.8890955021211184,-0.9125238555696229,0.02342835344850447
0.5100280107653673,0.4722920371773045,0.0377359735880628
-0.876164662302926,-0.9001204060134843,0.023955743710558308
0.5139218077348444,0.47642997888545796,0.037491828849386455
-0.8617677265058291,-0.8862536947456011,0.024485968239772005
0.5179435569141543,0.48065054659662915,0.03729301031752513
-0.8459335768829315,-0.8709420985126771,0.02500852162974565
0.5220914818680439,0.4849472796790312,0.03714420218901271
-0.8286933382726603,-0.8542064401893966,0.02551310191673628
0.526363734526275,0.48931594912929527,0.03704778539697978
-0.8100802782798426,-0.836070268431092,0.025989990151249365
0.5307583940437524,0.49375434518167916,0.0370040488620732
-0.7901297107135657,-0.8165600731839935,0.026430362470427737
0.5352734656471768,0.4982620402789823,0.03701142536819452
-0.7688789021218607,-0.7957054343863644,0.02682653226450371
0.5399068794744376,0.5028401384722104,0.03706674100222718
-0.7463669811354149,-0.7735391061715273,0.027172125036112438
0.5446564894124398,0.5074910172353848,0.037165472177055014
-0.722634850315107,-0.7500970386169166,0.027462188301809576
0.5495200719389063,0.5122180703392257,0.037302001599680557
-0.6977251001908173,-0.7254183430629715,0.027693242872154133
0.5544953249730176,0.5170254554809337,0.03746986949208386
-0.6716819251790923,-0.699545205794651,0.02786328061555865
0.559579866739514,0.5219178532371985,0.03766201350231546
-0.6445510410746399,-0.6725227580276646,0.027971716953024695
0.5647712346502333,0.5269002391240881,0.037870995526145146
-0.6163796038229468,-0.6443989081414733,0.028019304318526506
0.5700668842067994,0.5319776736379762,0.038089210568823195
-0.5872161292983664,-0.615224144624886,0.02800801532651953
0.5754641879276253,0.5371551105200351,0.038309077407590264
-0.5571104138319619,-0.5850513156349105,0.027940901802948614
0.58096043430226,0.5424372267725607,0.03852320752969929
-0.5261134552560389,-0.5539353931780435,0.027821937922004603
0.586552826775629,0.547828273446563,0.03872455332906599
-0.4942773742561372,-0.5219332269876276,0.02765585273149035
0.5922384827647594,0.5533319496800131,0.03890653308474634
-0.4616553358464602,-0.4891032950454014,0.02744795919894122
0.5980144327102144,0.5589512980402624,0.03906313466995193
-0.4283014708097247,-0.45550545454392927,0.027203983734204573
0.6038776191646371,0.564688622834343,0.03918899633029416
-0.3942707969678658,-0.4212006988872036,0.02692990191933775
0.6098248959205561,0.5705454286971177,0.03927946722343845
-0.359619140174443,-0.38625092307599895,0.026631782901555934
0.6158530271798816,0.5765223805026369,0.03933064667724462
-0.32440305494370114,-0.350718701660275,0.02631564671657388
0.621958686767369,0.5826192813414682,0.03933940542590075
-0.2886797446538686,-0.3146670801842891,0.02598733553042054
0.6281384573906861,0.5888350691739144,0.039303388216771706
-0.2525069812841396,-0.2781593829895725,0.02565240170543287
0.6343888299495886,0.5951678285033166,0.03922100144627194
-0.21594302466493082,-0.2412590370419866,0.025316012377055774
0.6407062028971335,0.6016148173972498,0.03909138549988378
-0.17904654124014863,-0.20402941353071205,0.024982872290563424
0.6470868816557581,0.6081725059626499,0.03891437569310818
-0.14187652235753487,-0.1665336858771439,0.024657163519609032
0.6535270780914393,0.614836626475604,0.038690451615835286
-0.10449220211943179,-0.12883470503889227,0.024342502919460482
0.6600229100490863,0.621602231173406,0.03842067887568035
-0.06695297484074653,-0.09099488997788431,0.024041915137137784
0.6665704009526746,0.628463757926747,0.03810664302592759
-0.029318312174348646,-0.0530761335871673,0.023757821412818653
0.6731654794735293,0.6354150998291784,0.03775037964435091
0.008352320024216105,-0.015139721426609161,0.023492041450825264
0.679803979270508,0.6424496790596125,0.037354300210895475
0.04599954501002609,0.02275373677145046,0.023245808238575628
0.6864816388056906,0.6495605211999899,0.036921117605700715
0.08356415854836603,0.06054436575675383,0.023019792791612204
0.6931941012394822,0.6567403305976245,0.03645377064185773
0.12098721230050788,0.09817307373999962,0.022814138560508262
0.6999369144088674,0.6639815631815511,0.0359553512273163
0.1582100970888595,0.1355815946982629,0.022628502390596605
0.7067055308927923,0.6712764976323482,0.03542903326044411
0.19517462592851356,0.17271252412044136,0.022462101808072205
0.7134953081684579,0.6786173015961632,0.03487800657229467
0.23182311670750183,0.20950935112192337,0.02231376558557846
0.720301508862514,0.6859960941903129,0.03430541467220105
0.26809847439385615,0.24591648684989786,0.02218198754395828
0.7271193011008856,0.6934050018022838,0.03371429929860181
0.30394427264466,0.2818792919268373,0.022064980717822702
0.7339437589611749,0.700836208791702,0.033107550169472866
0.33930483468969347,0.3173441025800844,0.021960732109609082
0.7407698630312604,0.7082820004023126,0.03248786262894776
0.37412531336095434,0.35225825795218185,0.021867055408772484
0.7475925010779199,0.7157347998442368,0.03185770123368303
0.40835177013813523,0.3865701279190563,0.02178164221907891
0.7544064688289442,0.7231871971361677,0.031219271692776496
0.44193125308015485,0.42022914363041003,0.021702109449744822
0.7612064708723879,0.7306319719844359,0.03057449888795205
0.4748118735128761,0.4531858297598872,0.021626043752988933
0.7679871216762526,0.7380621085248978,0.029925013151354762
0.506942881344255,0.48539184040998257,0.02155104093427246
0.7747429467320004,0.7454708044794949,0.029272142252505517
0.5382747388792266,0.5167999973227002,0.0214747415565264
0.7814683838249942,0.7528514727348135,0.02861691109018072
0.5687591930087174,0.5473643320993639,0.021394860909353497
0.7881577844350008,0.760197738108177,0.027960046326823806
0.5983493456490638,0.5770401307823697,0.021309214866694126
0.7948054152695913,0.7675034274358566,0.02730198783373461
0.6269997223110313,0.605783982293362,0.021215740017669238
0.8014054599333204,0.7747625559086646,0.026642904024655745
0.6546663386802056,0.6335538288329475,0.0211125098472581
0.807952020735211,0.7819693078493777,0.025982712885833315
0.6813067650941358,0.6603090195780957,0.020997745516040056
0.8144391206371453,0.7891180149663392,0.025321105670806143
0.7068801888047735,0.6860103655827481,0.020869823222025463
0.8208607053453839,0.7962031302851491,0.024657575060234804
0.731347473918906,0.7106201971172932,0.020727276801612793
0.8272106455474856,0.8032192008498803,0.02399144469760528
0.7546712189129465,0.7341024212067078,0.02056879770623876
0.8334827392965393,0.8101608373578819,0.023321901938657352
0.7768158116230645,0.7564225805547573,0.02039323106830715
0.8396707145446339,0.8170226838407016,0.022648030703932287
0.797747481615709,0.7775479115176279,0.020199570098081043
0.8457682318271399,0.8237993854747389,0.02196884635240104
0.8174343498485329,0.7974474023164587,0.019986947532074195
0.851768887099372,0.8304855576290359,0.021283329470336176
0.8358464755361925,0.81609184910428,0.019754626431912503
0.8576662147268401,0.8370757541277966,0.02059046059904357
0.8529559001406943,0.833453911120629,0.01950198902006528
0.8634536906303059,0.8435644378099467,0.019889252820359138
0.8687366884107108,0.8495081625340091,0.019228525876701763
0.8691247355864379,0.849945951243163,0.019178784343274913
0.8831649663997473,0.8642311422928592,0.018933824106888042
0.8746727186849244,0.8562144906373145,0.01845822804760988
0.89621895639794,0.8776013995988542,0.018617556799085833
0.8800909609424258,0.8623640806920878,0.017726880250337973
0.9078790087179784,0.8895995364342518,0.018279472283726617
0.8853727390738203,0.868388553386405,0.016984185687415332
0.9181276302806384,0.9002082447992543,0.017919385481384054
0.8905112894207105,0.8742815283173728,0.016229761103337625
0.9269495099512913,0.9094123402218439,0.01753716972944741
0.8954998120372145,0.8800363975759626,0.015463414461251879
0.9343315405838614,0.9171987892562222,0.01713275132763914
0.9003314749325958,0.8856463126388727,0.014685162293723075
0.9402628377346379,0.9235567326743399,0.016706105060298015
0.9049994184702953,0.8911041762591678,0.013895242211127479
0.9447347550135721,0.9284775021441688,0.01625725286940327
0.9094967599224781,0.8964026367192742,0.013094123203203911
0.9477408960466338,0.9319546322541802,0.015786263792453625
0.9138165981792182,0.9015340874366915,0.012282510742526731
0.9492771230280685,0.9339838657567532,0.015293257271315364
0.9179520186109508,0.9064906691800096,0.011461349430941126
0.9493415618473702,0.9345631540586092,0.014778407788760939
0.9218960980828537,0.9112642779120589,0.010631820170794781
0.947934603781012,0.9336926509147384,0.01424195286627361
0.9256419101193158,0.9158465754176769,0.009795334701638958
0.9450589037449669,0.9313747015334062,0.013684202211560748
0.9291825302166768,0.920229005770206,0.008953524446470795
0.9407193751092032,0.927613825133065,0.01310554997613822
0.9325110413018858,0.9244028147009418,0.008108226600944013
0.9349231810812958,0.9224166933431455,0.01250648773815033
0.9356205393347958,0.9283590749586411,0.007261464376154714
0.9276797226713769,0.915792102581446,0.011887620089930828
0.9385041390512354,0.9320887146332292,0.006415424418006244
0.9190006232564991,0.9077509429865334,0.011249680269965756
0.9411549798440614,0.9355825515553504,0.005572428288710962
0.9088997097674784,0.898306162127207,0.010593547640271317
0.943566231778843,0.9388313306279569,0.0047349011508861505
0.8973929905270219,0.8874727262586964,0.009920264268325485
0.9457311017408668,0.9418257672207833,0.00390533452008357
0.8844986297727851,0.8752675774255683,0.009231052347216884
0.9476428397095995,0.9445565933236902,0.0030862463859092637
0.8702369189046067,0.8617095893716744,0.008527329532932337
0.9492947451567849,0.9470146095729828,0.002280135583802134
0.8546302444998659,0.8468195206149692,0.007810723884896675
0.9506801735638064,0.949190739639794,0.001489433924012462
0.8377030531462757,0.830619967819551,0.007083085326724636
0.9517925430539693,0.951076090024251,0.0007164530297183447
0.8194818131460188,0.8131353178563722,0.006346495289646592
0.9526253411348234,0.9526620114736795,3.667033885601523e-05
0.7999949731502203,0.794391701812511,0.005603271337709326
0.953172131545669,0.9539401649300538,0.0007680333843848031
0.7792729177871697,0.774416949331493,0.004855968455676707
0.9534265612048676,0.9549025878743882,0.0014760266695206248
0.7573479203525881,0.7532405466101316,0.0041073737424565104
0.9533823672515873,0.9555417637658921,0.0021593965143047456
0.7342540926343594,0.7308935963481927,0.0033604962861666365
0.9530333841761088,0.9558506900056436,0.0028173058295347664
0.710027331948834,0.7074087829630586,0.002618548985775404
0.9523735510328354,0.9558229468426933,0.0034493958098579247
0.6847052654696733,0.6828203411653292,0.00188492430434406
0.951396918729654,0.9554527621489841,0.004055843419330074
0.6583271919346194,0.6571640310871224,0.0011631608474970134
0.9500976573873001,0.9547350741382126,0.004637416750912449
0.6309340208191615,0.6304771177245808,0.0004569030945806851
0.9484700637619318,0.9536655864082859,0.005195522646354145
0.6025682090702529,0.6027983576236235,0.0002301485533706682
0.9465085687241156,0.9522408170367797,0.005732248312664057
0.573273695496489,0.5741679900783088,0.0008942945818197767
0.9442077447869688,0.9504581355604818,0.0062503907735129705
0.5430958329151216,0.5446277353588834,0.001531902443761779
0.9415623136762721,0.9483157892851024,0.006753475608830328
0.5120813181591908,0.5142207965791696,0.0021394784199788575
0.9385671539348767,0.9458129123032551,0.007245758368378485
0.48027812005179743,0.4829918671503392,0.0027137470985417744
0.9352173085538286,0.9429495185365997,0.007732209982771132
0.44773540545714935,0.4509871396323983,0.0032517341752489326
0.9315079926221642,0.9397264719379188,0.00821847931575459
0.4145034635214347,0.4182543172329336,0.0037508537114989138
0.9274346009874602,0.9361454353329718,0.008710834345511564
0.3806336282189488,0.38484262286486104,0.004208994645912234
0.9229927159187346,0.9322087911398677,0.009216075221133102
0.34617819932202476,0.3508028062720912,0.0046246069500664455
0.9181781147634703,0.9279195360565203,0.009741421293050001
0.311190361915377,0.3161871432227009,0.004996781307323894
0.9129867775900528,0.9232811435722479,0.01029436598219513
0.27572410457832547,0.2810494266044203,0.005325322026094814
0.9074148948070958,0.9182973975992232,0.010882502792127435
0.23983413636011597,0.24544494264217087,0.005610806282054903
0.9014588747506558,0.9129721923616749,0.011513317611019147
0.20357580267609784,0.20943043163465674,0.0058546289585588995
0.8951153512305368,0.9073093037920754,0.012193952561538657
0.16700500025393944,0.1730640259613262,0.006059025707386756
0.8883811910263903,0.9013121296161963,0.012930938589805985
0.13017809126126648,0.13640516475670578,0.0062270734954393
0.8812535013245403,0.8949834061421693,0.013729904817629035
0.09315181674713943,0.0995144780792692,0.006362661332129774
0.8737296370859293,0.8883249017726214,0.014595264686692033
0.05598320953161285,0.062453640631269805,0.006470431099656955
0.8658072083358015,0.881337098778975,0.015529890443173544
0.018729506678173732,0.02528518869777098,0.006555682019597248
0.8574840873651789,0.8740188668539908,0.01653477948881188
-0.018551938314770724,-0.01192769808712021,0.006624240227650513
0.8487584158343807,0.8663671440402883,0.01760872820590753
-0.05580374346719399,-0.04912145468195981,0.006682288785234178
0.8396286117682318,0.858376632356565,0.018748020588333247
-0.09296858627856833,-0.08623242408284086,0.006736162195727466
0.8300933764327862,0.8500395278405318,0.019946151407745583
-0.1299892915605113,-0.12319718793537882,0.006792103625132495
0.820151701082725,0.8413452958391574,0.021193594756432454
-0.16680891900452471,-0.15995292642996323,0.006855992574561487
0.8098028735687646,0.8322805146956614,0.022477641126896875
-0.2033708503499008,-0.19643780525074775,0.006933045099153046
0.799046484793719,0.8228288009478228,0.023782316154103866
-0.23961887601745058,-0.23259137708698724,0.007027498930463338
0.7878824350060424,0.8129708408929439,0.025088405886901533
-0.2754972810771496,-0.26835499084258146,0.007142290234568138
0.7763109399190045,0.802684541527157,0.026373601608152497
-0.31095093041923183,-0.30367219094109094,0.007278739478140894
0.7643325366439577,0.7919453243891542,0.027612787745196488
-0.34592535300163885,-0.33848909508834246,0.007436257913296385
0.7519480894255345,0.7807265714879495,0.028778482062415067
-0.3803668250490472,-0.37275472804610255,0.007612097002944629
0.7391587951672309,0.7690002411508776,0.029841445983646686
-0.4142224520830189,-0.406421295830416,0.007801156252602914
0.7259661887354327,0.7567376541142685,0.030771465378835794
-0.44744024966598617,-0.4394443744869029,0.00799587517908329
0.7123721480310125,0.7439104565093333,0.03153830847832084
-0.4799692227469554,-0.4717829961154333,0.008186226631522131
0.6983788988178244,0.7304917453142792,0.03211284649645474
-0.5117594435007635,-0.503399605896931,0.00835983760383252
0.6839890192991981,0.716457345752235,0.03246832645303688
-0.5427621275587428,-0.5342598750032121,0.00850225255553061
0.6692054444346971,0.7017872056053961,0.032581761170699
-0.572929708533327,-0.5643323476250517,0.008597360908275342
0.6540314699924028,0.68646687350042,0.03243540350801721
-0.6022159107462,-0.593587915084452,0.00862799566174799
0.6384707563345418,0.6704890012331759,0.03201824489863414
-0.6305758200753836,-0.6219991065388624,0.00857671353652123
0.6225273319391027,0.6538548120657308,0.031327480126628116
-0.6579659528454562,-0.6495392049513575,0.008426747894098696
0.6062055966646422,0.6365754495522389,0.030369852887596638
-0.6843443226932926,-0.6761811972819658,0.0081631254113268
0.5895103247728166,0.6186731259273551,0.02916280115453851
-0.7096705053541702,-0.7018965917395724,0.007773913614597783
0.5724466677304016,0.6001819647206558,0.02773529699025412
-0.7339057013266175,-0.7266541386482152,0.0072515626784023235
0.5550201568230693,0.5811484434716012,0.02612828664853195
-0.7570127963947001,-0.7504185191697148,0.00659427722498529
0.5372367056237322,0.5616313256127311,0.024394619988998945
-0.7789564200110419,-0.773149071409633,0.005807348601408968
0.5191026123724262,0.5417009936241332,0.02259838125170699
-0.7997030015798934,-0.7947986520678568,0.004904349512036554
0.5006245623388949,0.5214380914201748,0.02081352908127998
-0.8192208247254559,-0.8153127344552438,0.003908090270212106
0.48180963025689016,0.5009314238842291,0.0191217936273389
-0.8374800796953515,-0.8346288677952954,0.0028512119000561054
0.46266528293667314,0.4802750743472806,0.017609791410607478
-0.8544529141325801,-0.8526766157705553,0.001776298362024753
0.44319938218284954,0.4595647610558934,0.016365378873043845
-0.8701134825625542,-0.8693781036482253,0.0007353789143288436
0.42342018816383387,0.43889348505137277,0.015473296887538901
-0.8844379950863105,-0.8846492774500538,0.00021128236374334808
0.403336363400208,0.4183466016239076,0.015010238223699568
-0.8974047659600801,-0.8984019676706051,0.0009972017105249753
0.3829569775565235,0.3979964931681831,0.01503951561165956
-0.9089942629776561,-0.9105467959740117,0.0015525329963556045
0.3622915132376189,0.3778971125844137,0.01560559934679484
-0.9191891588700989,-0.9209969224642104,0.0018077635941115
0.34134987299967223,0.3580787135861847,0.016728840586512472
-0.9279743862996763,-0.9296725442990394,0.0016981579993631257
0.3201423877904506,0.3385431696341285,0.018400781843677882
-0.9353371984654237,-0.9365059862537991,0.0011687877883753695
0.2986798270246635,0.319260309043456,0.02058048201879248
-0.9412672378554491,-0.9414471114769292,0.00017987362148008668
0.27697341048106544,0.3001657455695056,0.023192335088440152
-0.94575661628516,-0.94446869725695,0.0012879190282099051
0.25503482216878637,0.2811606563305031,0.02612583416171671
-0.9488000100412669,-0.9455713088633217,0.003228701177945159
0.23287622625327875,0.26211394305044355,0.029237716797164803
-0.9503947747065533,-0.9447871451591895,0.005607629547363824
0.2105102850472067,0.2428670975876675,0.0323568125404608
-0.950541085043697,-0.9421822663732929,0.008358818670404111
0.1879501789609118,0.22324197870958631,0.035291799748674524
-0.9492421061455204,-0.9378566360030527,0.011385470142467713
0.16520962816071538,0.20305148140854543,0.03784185324783004
-0.946504202861355,-0.9319414556008876,0.014562747260467357
0.14230291550513552,0.182112858161998,0.03980994265686247
-0.9423371952324447,-0.9245934345989618,0.01774376063348293
0.11924491011007848,0.1602631237671223,0.041018213657043806
-0.9367546682249676,-0.9159858454041294,0.02076882282083814
0.09605109064129952,0.13737567911620197,0.041324588474902446
-0.929774344347224,-0.9062965509474535,0.023477793399770408
0.07273756713957372,0.11337692243706614,0.04063935529749242
-0.9214185276482544,-0.8956935611665313,0.025724966481723066
0.04932109986321134,0.08826134338101246,0.03894024351780112
-0.9117146269895334,-0.8843191420830337,0.02739548490649968
0.025819113282274656,0.06210332199969181,0.03628420871741715
-0.9006957651935642,-0.8722739337670604,0.028421831426503785
0.0022497029984253508,0.035063771213421566,0.03281406821499622
-0.8884014785476827,-0.859602971937296,0.028798506610386743
-0.02136836700081753,0.007389773847378244,0.028758140848195772
-0.8748785079973588,-0.84628578184684,0.028592726150518777
-0.04501567968547365,-0.020594322717218626,0.024421356968255026
-0.8601816790511764,-0.8322328458128073,0.027948833238369053
-0.06867219615839235,-0.04850539614004194,0.020166800018350403
-0.8443748617875458,-0.8172905465301138,0.027084315257432046
-0.09231730611941619,-0.07592979714360859,0.016387508975807596
-0.8275319953132314,-0.8012561961878236,0.026275799125407784
-0.1159299011937,-0.10246046691294403,0.013469434280755976
-0.8097381525195314,-0.7839038101887941,0.025834342330737337
-0.1394884746600801,-0.12774064188677928,0.011747832773300826
-0.7910906110640477,-0.7650199893830794,0.026070621680968298
-0.16297125088345227,-0.15151042653249297,0.011460824350959298
-0.7716998852954315,-0.7444475635133225,0.027252321782109012
-0.1863563472671804,-0.17365099493190256,0.012705352335277836
-0.7516906616078589,-0.7221327890879324,0.029557872519926476
-0.20962197075894196,-0.1942200072988447,0.015401963460097257
-0.7312025668377935,-0.698169975993613,0.03303259084418053
-0.23274664980219714,-0.21347106406982708,0.019275585732370065
-0.7103906863571444,-0.6728359103700937,0.037554775987050704
-0.2557095010982436,-0.2318502139880297,0.023859287110213873
-0.6894257361487912,-0.6466056045406602,0.04282013160813103
-0.2784905285869318,-0.2499637732284967,0.028526755358435102
-0.6684937822302555,-0.6201413598059464,0.04835242242430904
-0.3010709496783196,-0.26851452154855915,0.03255642812976045
-0.647795392263013,-0.5942491515981095,0.05354624066490343
-0.3234335409800262,-0.28820759973197135,0.03522594124805484
-0.6275440991314768,-0.569800444165908,0.05774365496556877
-0.34556299264697576,-0.30963332249718917,0.0359296701497866
-0.6079640557908136,-0.5476235960373383,0.06034045975347524
-0.36744625711728246,-0.333140910740412,0.03430534637687044
-0.5892867659184264,-0.5283768642488174,0.06090990166960908
-0.38907287455882755,-0.3587242325375767,0.03034864202125087
-0.5717467869298178,-0.5124234732456051,0.05932331368421273
-0.41043525399752456,-0.3859462412942183,0.02448901270330628
-0.5555763218055525,-0.49973677318823717,0.05583954861731533
-0.43152888606174766,-0.4139312346865253,0.017597651375222345
-0.5409986449002095,-0.48986741646051035,0.051131228439699195
-0.45235246074794877,-0.4414505335359451,0.01090192721200367
-0.5282203455638665,-0.48200185940540985,0.046218486158456695
-0.47290786182710187,-0.46711560879875713,0.00579225302834474
-0.5174224232931219,-0.4751289385986347,0.04229348469448724
-0.4932000086469281,-0.4896708893208432,0.0035291193260849063
-0.5087503312073645,-0.4683069854542359,0.04044334575312858
-0.5132365163974542,-0.5083470100696146,0.004889506327839577
-0.5023031439024871,-0.46098835273010896,0.04131479117237813
-0.533027147665412,-0.5231973119728344,0.009829835692577671
-0.4981221258803162,-0.45331738018845535,0.044804745691860826
-0.5525830317870704,-0.535305607285148,0.017277424501922378
-0.4961791043872089,-0.4462842021125482,0.0498949022746607
-0.5719156347139764,-0.5467371013623064,0.025178533351670085
-0.49636521374628745,-0.44161119174890456,0.054754021997382885
-0.5910354716245867,-0.5601297140420187,0.030905757582567972
-0.4984807840788119,-0.4412953199919075,0.05718546408690439
-0.6099505679114956,-0.5779119437263899,0.032038624185105724
-0.5022273957063247,-0.4468463989639198,0.055380996742404875
-0.6286646914745532,-0.6012954227556303,0.027369268718922868
-0.5072033940951258,-0.45843873863280876,0.048764655462317064
-0.6471753992189796,-0.6293962534832608,0.017779145735718815
-0.5129044111873244,-0.47437258569924085,0.03853182548808359
-0.6654719609376304,-0.6589986192080264,0.00647334172960401
-0.5187305794672317,-0.4912973063464237,0.027433273120807955
-0.6835332418770137,-0.6854293435331559,0.0018961016561421795
-0.5240020339619672,-0.5054245726059944,0.018577461355972824
-0.701325642027603,-0.7046012022912712,0.0032755602636682646
-0.5279838557369201,-0.5143783256510893,0.013605530085830764
-0.7188012133446527,-0.7154915985220023,0.003309614822650464
-0.5299207667913641,-0.518579630159324,0.011341136632040172
-0.7358961211780102,-0.7215015331414829,0.014394588036527267
-0.5290807148860299,-0.5207536040909868,0.008327110795043113
-0.7525296944808981,-0.7290788939322009,0.023450800548697193
-0.524805169935885,-0.5230982256233561,0.0017069443125289352
-0.7686043999806339,-0.7435187821154919,0.025085617865141963
-0.5165626295177079,-0.5240224321027802,0.007459802585072284
-0.7840070955462602,-0.7646868260291785,0.019320269517081767
-0.5040004052112219,-0.5183101356308977,0.014309730419675759
-0.7986117417279576,-0.7869614209892416,0.011650320738715969
-0.4869880423497314,-0.5024910956717198,0.01550305332198837
-0.8122833379525723,-0.8043100889967295,0.007973248955842838
-0.4656442397255057,-0.48027086575963573,0.014626626034130008
-0.8248824826884139,-0.8143085581031612,0.010573924585252747
-0.44033990254294947,-0.4592880585177636,0.01894815597481414
-0.8362702989001127,-0.814830782308071,0.021439516592041685
-0.41167483869674354,-0.44110124926046534,0.029426410563721805
-0.8463147035362106,-0.8011377632228796,0.04517694031333108
-0.38043194809275704,-0.4201698082316446,0.03973786013888758
-0.8548992794456262,-0.7765571456099547,0.07834213383567146
